-- MariaDB dump 10.19  Distrib 10.5.12-MariaDB, for Linux (x86_64)
--
-- Host: mysql.hostinger.ro    Database: u574849695_17
-- ------------------------------------------------------
-- Server version	10.5.12-MariaDB-cll-lve

/*!40101 SET @OLD_CHARACTER_SET_CLIENT=@@CHARACTER_SET_CLIENT */;
/*!40101 SET @OLD_CHARACTER_SET_RESULTS=@@CHARACTER_SET_RESULTS */;
/*!40101 SET @OLD_COLLATION_CONNECTION=@@COLLATION_CONNECTION */;
/*!40101 SET NAMES utf8mb4 */;
/*!40103 SET @OLD_TIME_ZONE=@@TIME_ZONE */;
/*!40103 SET TIME_ZONE='+00:00' */;
/*!40014 SET @OLD_UNIQUE_CHECKS=@@UNIQUE_CHECKS, UNIQUE_CHECKS=0 */;
/*!40014 SET @OLD_FOREIGN_KEY_CHECKS=@@FOREIGN_KEY_CHECKS, FOREIGN_KEY_CHECKS=0 */;
/*!40101 SET @OLD_SQL_MODE=@@SQL_MODE, SQL_MODE='NO_AUTO_VALUE_ON_ZERO' */;
/*!40111 SET @OLD_SQL_NOTES=@@SQL_NOTES, SQL_NOTES=0 */;

--
-- Table structure for table `communities`
--

DROP TABLE IF EXISTS `communities`;
/*!40101 SET @saved_cs_client     = @@character_set_client */;
/*!40101 SET character_set_client = utf8 */;
CREATE TABLE `communities` (
  `id` bigint(20) unsigned NOT NULL AUTO_INCREMENT,
  `name` varchar(150) COLLATE utf8mb4_unicode_ci DEFAULT NULL,
  `admin_user_id` bigint(20) unsigned NOT NULL,
  UNIQUE KEY `id` (`id`),
  KEY `communities_name_idx` (`name`),
  KEY `admin_user_id` (`admin_user_id`),
  CONSTRAINT `communities_ibfk_1` FOREIGN KEY (`admin_user_id`) REFERENCES `users` (`id`)
) ENGINE=InnoDB AUTO_INCREMENT=101 DEFAULT CHARSET=utf8mb4 COLLATE=utf8mb4_unicode_ci;
/*!40101 SET character_set_client = @saved_cs_client */;

--
-- Dumping data for table `communities`
--

LOCK TABLES `communities` WRITE;
/*!40000 ALTER TABLE `communities` DISABLE KEYS */;
INSERT INTO `communities` VALUES (1,'pariatur',39),(2,'in',4),(3,'ipsum',45),(4,'ut',1),(5,'harum',65),(6,'reiciendis',64),(7,'nemo',20),(8,'quis',57),(9,'ex',21),(10,'dolorem',52),(11,'natus',13),(12,'sapiente',99),(13,'perspiciatis',35),(14,'ut',69),(15,'esse',33),(16,'in',52),(17,'ipsa',9),(18,'nobis',65),(19,'repellendus',96),(20,'atque',63),(21,'facilis',27),(22,'inventore',75),(23,'non',38),(24,'reprehenderit',37),(25,'ratione',87),(26,'sed',27),(27,'aspernatur',79),(28,'officia',41),(29,'sint',65),(30,'recusandae',27),(31,'nihil',38),(32,'unde',4),(33,'corrupti',31),(34,'fugit',82),(35,'esse',5),(36,'qui',96),(37,'dicta',45),(38,'nemo',24),(39,'magni',52),(40,'doloremque',66),(41,'quod',76),(42,'inventore',64),(43,'itaque',64),(44,'et',11),(45,'in',33),(46,'consequatur',97),(47,'facere',62),(48,'voluptatem',41),(49,'odio',62),(50,'at',58),(51,'voluptate',4),(52,'unde',88),(53,'labore',32),(54,'iste',42),(55,'omnis',25),(56,'et',19),(57,'natus',69),(58,'excepturi',4),(59,'quos',60),(60,'nesciunt',34),(61,'dolor',30),(62,'rerum',97),(63,'reprehenderit',38),(64,'nobis',61),(65,'quisquam',79),(66,'at',42),(67,'enim',56),(68,'est',24),(69,'illo',65),(70,'non',7),(71,'odit',89),(72,'sed',40),(73,'quis',70),(74,'unde',53),(75,'autem',51),(76,'et',2),(77,'suscipit',49),(78,'ducimus',12),(79,'minima',43),(80,'repellendus',11),(81,'similique',70),(82,'consequuntur',47),(83,'reiciendis',99),(84,'dolorem',2),(85,'id',89),(86,'non',24),(87,'beatae',21),(88,'dignissimos',57),(89,'minus',27),(90,'est',80),(91,'et',90),(92,'expedita',57),(93,'placeat',77),(94,'assumenda',27),(95,'doloremque',17),(96,'accusamus',55),(97,'nostrum',69),(98,'itaque',72),(99,'dicta',79),(100,'cumque',33);
/*!40000 ALTER TABLE `communities` ENABLE KEYS */;
UNLOCK TABLES;

--
-- Table structure for table `friend_requests`
--

DROP TABLE IF EXISTS `friend_requests`;
/*!40101 SET @saved_cs_client     = @@character_set_client */;
/*!40101 SET character_set_client = utf8 */;
CREATE TABLE `friend_requests` (
  `initiator_user_id` bigint(20) unsigned NOT NULL,
  `target_user_id` bigint(20) unsigned NOT NULL,
  `status` enum('requested','approved','declined','unfriended') COLLATE utf8mb4_unicode_ci DEFAULT NULL,
  `requested_at` datetime DEFAULT current_timestamp(),
  `updated_at` datetime DEFAULT NULL ON UPDATE current_timestamp(),
  PRIMARY KEY (`initiator_user_id`,`target_user_id`),
  KEY `target_user_id` (`target_user_id`),
  CONSTRAINT `friend_requests_ibfk_1` FOREIGN KEY (`initiator_user_id`) REFERENCES `users` (`id`),
  CONSTRAINT `friend_requests_ibfk_2` FOREIGN KEY (`target_user_id`) REFERENCES `users` (`id`)
) ENGINE=InnoDB DEFAULT CHARSET=utf8mb4 COLLATE=utf8mb4_unicode_ci;
/*!40101 SET character_set_client = @saved_cs_client */;

--
-- Dumping data for table `friend_requests`
--

LOCK TABLES `friend_requests` WRITE;
/*!40000 ALTER TABLE `friend_requests` DISABLE KEYS */;
INSERT INTO `friend_requests` VALUES (1,31,'unfriended','1997-05-24 14:51:36','1977-07-27 15:48:26'),(2,74,'unfriended','2012-10-16 04:58:52','1997-08-22 00:42:42'),(3,92,'approved','2010-08-30 09:03:58','2009-05-19 13:21:55'),(4,97,'approved','1983-06-04 07:43:52','1992-01-18 11:34:24'),(5,33,'unfriended','2019-12-11 19:08:24','2000-02-04 05:37:18'),(5,60,'approved','1997-10-19 12:06:29','1986-06-29 10:17:04'),(5,69,'declined','1983-02-19 07:50:19','1996-02-28 10:06:14'),(6,72,'requested','1998-06-16 23:38:33','2018-08-21 02:35:19'),(7,1,'approved','1987-09-09 12:49:57','2004-01-26 15:36:46'),(7,84,'unfriended','1970-11-17 07:54:51','2001-05-07 13:04:07'),(8,47,'approved','1993-02-09 12:46:55','1974-06-03 02:14:31'),(9,92,'unfriended','1998-10-25 08:11:04','2004-09-14 13:14:40'),(12,21,'approved','2018-07-25 12:32:55','1973-04-21 19:58:35'),(12,43,'approved','1987-02-16 10:29:42','1989-12-18 01:15:58'),(14,54,'declined','1972-06-19 02:14:01','1998-09-28 06:11:13'),(16,1,'unfriended','1997-02-26 17:38:59','2006-10-23 15:59:28'),(16,46,'approved','2011-05-13 19:09:16','2017-06-12 08:16:11'),(18,42,'declined','2012-01-20 08:21:50','1985-01-30 12:55:37'),(18,75,'unfriended','2000-08-02 04:26:27','1994-03-07 15:44:06'),(19,26,'declined','2019-01-09 09:03:03','1979-04-21 20:48:08'),(19,45,'unfriended','2017-12-26 18:13:01','1993-08-06 18:10:26'),(19,87,'requested','1984-01-05 01:19:32','2005-11-05 03:47:46'),(20,94,'requested','2021-04-13 21:30:49','2010-09-22 18:07:44'),(20,96,'requested','1999-11-13 22:49:22','2001-06-24 22:00:00'),(21,62,'requested','2009-09-06 14:04:01','1989-04-19 13:19:50'),(21,75,'requested','2011-11-18 23:56:39','2017-05-27 21:12:04'),(24,20,'declined','2012-05-09 14:39:28','1973-01-07 02:07:49'),(25,81,'approved','2009-05-08 21:28:30','2007-07-12 03:04:59'),(26,39,'declined','1999-06-28 20:14:59','1973-03-08 08:52:03'),(26,47,'unfriended','2015-05-29 12:10:21','2014-09-15 17:49:28'),(26,84,'requested','2007-10-26 04:44:29','1981-07-11 19:15:28'),(27,87,'approved','2010-04-10 18:36:35','2015-10-28 09:39:52'),(28,77,'requested','1981-04-11 13:46:56','2015-12-14 02:35:37'),(28,84,'approved','1995-01-13 11:16:29','2017-09-08 19:49:01'),(29,33,'declined','1999-07-31 03:26:04','2012-12-29 20:15:59'),(31,29,'declined','2020-12-10 21:22:03','2017-05-02 19:19:19'),(31,95,'requested','2003-11-18 12:46:22','1997-03-04 09:20:16'),(33,50,'approved','1976-05-27 09:30:13','2017-05-26 00:13:23'),(33,92,'approved','1992-02-05 20:45:08','1996-06-07 05:45:21'),(34,21,'requested','2021-04-13 17:26:53','1997-08-12 09:24:54'),(38,27,'approved','1977-09-10 05:38:21','1975-02-09 06:51:12'),(40,32,'unfriended','2004-07-26 00:32:58','1997-03-27 06:52:39'),(40,39,'requested','2006-12-04 09:04:45','1982-09-29 17:36:05'),(42,25,'requested','2010-09-19 05:43:57','1980-11-25 02:53:22'),(42,59,'unfriended','1993-11-20 20:38:02','1991-07-20 01:09:14'),(45,8,'unfriended','2010-03-26 00:31:51','1984-10-28 17:02:34'),(45,35,'requested','2017-05-16 00:09:54','2011-09-06 01:37:30'),(46,29,'declined','1970-06-20 17:37:08','2000-02-27 15:42:33'),(46,60,'unfriended','2008-07-02 23:48:00','1997-08-07 21:45:04'),(46,91,'declined','1984-06-26 11:21:59','1973-03-21 16:03:01'),(48,17,'requested','1998-01-03 02:59:43','1972-02-23 02:00:16'),(49,47,'declined','1979-08-24 15:06:39','1993-07-28 16:54:42'),(50,5,'unfriended','2018-12-30 16:03:09','1987-08-23 10:59:55'),(51,98,'requested','2007-12-01 09:16:58','1973-05-29 19:43:47'),(53,22,'declined','1974-06-18 04:48:38','2009-04-20 16:08:39'),(55,100,'approved','1999-04-29 11:26:01','1988-06-24 07:08:24'),(56,53,'approved','1977-01-06 20:16:26','1990-08-19 00:26:08'),(57,96,'requested','2007-12-28 14:33:30','1993-03-07 14:10:03'),(60,5,'approved','1985-12-17 08:17:18','2009-05-11 14:34:32'),(60,86,'unfriended','2017-10-07 11:19:38','1995-06-26 17:54:10'),(61,27,'approved','1978-04-01 08:34:29','1978-02-28 11:44:47'),(63,86,'declined','1973-01-14 17:28:15','1974-04-18 04:39:39'),(63,87,'requested','2021-06-18 04:01:43','1978-11-12 04:39:25'),(64,56,'approved','2008-01-04 05:17:37','1985-02-05 18:14:27'),(65,22,'unfriended','2018-09-07 10:07:57','2010-01-20 17:26:30'),(65,34,'approved','1993-03-09 09:12:07','1998-02-02 12:12:26'),(65,39,'approved','1976-06-30 15:17:13','1983-10-31 13:33:14'),(65,51,'declined','1996-03-26 02:04:19','2002-05-04 15:38:35'),(66,30,'unfriended','1978-04-06 15:58:15','2019-09-20 19:58:06'),(67,15,'declined','2021-01-14 03:18:32','2017-10-14 06:03:00'),(69,46,'unfriended','2009-09-25 03:48:02','1987-05-18 10:18:52'),(71,7,'approved','1995-01-20 20:47:04','2014-07-24 18:20:46'),(71,21,'declined','1983-09-10 17:35:26','2018-07-23 02:37:26'),(71,41,'requested','1985-01-28 08:29:12','1976-10-31 01:08:57'),(72,5,'unfriended','1984-02-26 20:59:19','1995-09-26 23:52:32'),(73,16,'unfriended','2018-02-05 17:00:30','2006-06-13 13:38:39'),(73,71,'declined','2004-05-27 02:52:53','1992-10-21 00:38:55'),(76,81,'requested','2016-05-27 09:10:41','1996-11-12 00:36:33'),(77,49,'approved','2017-12-02 15:42:48','2016-08-28 03:53:27'),(77,99,'unfriended','1987-04-01 00:20:48','1986-09-30 23:56:54'),(79,15,'declined','2000-09-02 21:47:43','2017-01-25 01:49:29'),(79,54,'requested','2020-10-23 00:37:51','1979-08-22 08:35:22'),(81,4,'unfriended','2001-09-06 09:54:18','1998-10-22 15:53:03'),(82,52,'requested','1999-11-21 01:48:48','2018-04-18 07:00:35'),(82,86,'unfriended','1984-07-31 17:16:44','1990-01-27 18:54:08'),(82,88,'requested','1988-04-10 18:14:02','1995-09-29 22:52:43'),(82,92,'approved','1973-06-05 16:29:54','2014-02-26 00:20:44'),(83,60,'approved','2021-02-20 21:31:44','2012-08-04 23:11:36'),(84,52,'approved','1979-08-19 07:01:28','1986-05-20 20:25:15'),(85,57,'declined','2022-04-22 06:23:57','1976-11-18 21:48:13'),(85,98,'unfriended','1993-07-27 12:18:30','1985-12-26 22:43:10'),(87,68,'declined','1995-08-14 06:55:11','1981-09-24 00:47:24'),(87,96,'unfriended','1997-03-10 06:51:44','1994-11-09 06:23:19'),(88,88,'requested','1992-09-02 13:49:17','1999-05-29 00:22:00'),(89,21,'unfriended','2019-08-18 03:16:30','1993-05-04 21:39:12'),(95,27,'requested','1975-10-07 12:44:24','1984-05-11 05:21:49'),(95,94,'declined','1972-10-07 07:17:39','1992-08-10 06:24:20'),(96,51,'requested','1987-03-05 11:43:09','2008-01-04 14:27:16'),(98,86,'declined','2001-06-20 13:02:35','2008-12-04 17:21:45'),(99,92,'declined','1975-05-13 00:04:30','2019-07-06 10:22:03');
/*!40000 ALTER TABLE `friend_requests` ENABLE KEYS */;
UNLOCK TABLES;

--
-- Table structure for table `likes`
--

DROP TABLE IF EXISTS `likes`;
/*!40101 SET @saved_cs_client     = @@character_set_client */;
/*!40101 SET character_set_client = utf8 */;
CREATE TABLE `likes` (
  `id` bigint(20) unsigned NOT NULL AUTO_INCREMENT,
  `user_id` bigint(20) unsigned NOT NULL,
  `media_id` bigint(20) unsigned NOT NULL,
  `created_at` datetime DEFAULT current_timestamp(),
  UNIQUE KEY `id` (`id`)
) ENGINE=InnoDB AUTO_INCREMENT=101 DEFAULT CHARSET=utf8mb4 COLLATE=utf8mb4_unicode_ci;
/*!40101 SET character_set_client = @saved_cs_client */;

--
-- Dumping data for table `likes`
--

LOCK TABLES `likes` WRITE;
/*!40000 ALTER TABLE `likes` DISABLE KEYS */;
INSERT INTO `likes` VALUES (1,92,14,'2005-09-06 01:49:12'),(2,62,63,'1991-09-25 05:58:02'),(3,69,51,'2014-06-26 12:20:27'),(4,6,13,'2014-11-29 03:02:25'),(5,63,72,'1996-05-10 13:53:06'),(6,32,32,'1998-10-30 13:01:59'),(7,47,48,'1980-11-06 03:00:43'),(8,72,9,'2017-06-05 06:34:40'),(9,47,48,'1999-05-15 20:42:51'),(10,77,53,'2013-11-12 00:01:23'),(11,24,57,'1998-05-12 00:43:04'),(12,91,100,'2002-02-24 18:39:32'),(13,60,25,'2013-09-19 22:40:44'),(14,55,2,'1995-01-21 08:09:50'),(15,85,31,'1999-06-16 18:41:38'),(16,36,77,'1976-07-28 02:54:32'),(17,45,97,'2007-02-17 07:20:11'),(18,40,14,'2010-06-13 05:40:24'),(19,47,45,'1983-12-27 05:48:49'),(20,27,10,'1972-03-21 00:03:07'),(21,17,59,'2018-05-30 16:41:05'),(22,41,63,'1983-02-16 20:52:53'),(23,6,12,'2008-06-22 11:36:31'),(24,72,53,'1997-12-22 01:31:11'),(25,59,48,'1988-03-12 10:45:20'),(26,5,83,'2018-03-16 03:11:35'),(27,5,96,'2011-09-04 02:43:12'),(28,82,64,'1978-05-20 12:06:02'),(29,21,37,'1996-11-11 20:41:22'),(30,65,5,'1978-03-11 04:52:32'),(31,68,1,'2015-01-30 02:11:16'),(32,82,13,'1971-02-28 01:37:25'),(33,97,21,'2018-01-26 16:43:21'),(34,27,44,'2003-09-19 08:52:14'),(35,65,53,'1985-02-01 13:25:55'),(36,53,82,'2010-09-19 16:59:02'),(37,11,93,'1994-09-09 18:49:52'),(38,44,17,'1994-10-06 06:41:30'),(39,5,15,'2011-03-14 20:02:43'),(40,70,64,'1970-05-26 21:55:15'),(41,63,74,'2000-09-13 09:53:40'),(42,46,67,'1970-12-26 12:10:29'),(43,70,28,'1981-12-08 14:51:30'),(44,31,90,'2001-07-11 13:22:35'),(45,65,96,'1983-12-28 08:15:04'),(46,95,33,'1970-10-09 18:43:44'),(47,97,76,'2020-12-12 01:54:45'),(48,45,93,'1975-04-02 05:56:44'),(49,96,71,'2017-05-27 08:06:54'),(50,37,61,'1978-01-03 07:51:18'),(51,24,90,'2012-09-28 04:11:06'),(52,42,34,'2013-02-23 21:13:55'),(53,83,86,'1974-11-07 06:27:44'),(54,51,87,'1981-10-22 17:31:16'),(55,100,20,'1985-07-16 07:54:42'),(56,51,62,'1987-12-01 02:48:42'),(57,94,96,'1985-03-19 23:39:01'),(58,29,63,'2019-03-17 04:40:53'),(59,24,60,'1983-10-17 23:06:19'),(60,53,88,'1998-03-26 08:07:52'),(61,56,47,'2005-07-27 06:34:24'),(62,21,52,'1991-02-22 18:02:57'),(63,23,65,'1999-11-24 17:15:42'),(64,45,18,'2008-12-02 10:47:36'),(65,36,81,'1993-10-31 01:23:07'),(66,79,59,'1979-02-02 20:50:16'),(67,71,21,'1987-06-03 10:39:53'),(68,93,53,'2021-08-18 19:38:22'),(69,6,44,'2011-09-11 11:29:25'),(70,40,5,'2011-02-26 01:48:27'),(71,64,90,'1989-02-08 15:24:15'),(72,67,58,'2006-12-15 20:32:07'),(73,86,96,'2010-08-09 00:09:02'),(74,21,9,'1984-02-18 20:04:08'),(75,56,73,'1985-08-27 20:49:44'),(76,97,11,'2010-10-06 17:41:16'),(77,20,17,'2001-01-05 20:51:51'),(78,63,42,'1996-06-09 07:39:00'),(79,82,7,'2005-02-09 01:41:59'),(80,60,17,'2003-12-07 11:05:25'),(81,88,38,'1971-06-06 01:47:40'),(82,76,58,'2018-04-30 20:34:43'),(83,58,69,'1985-11-21 17:21:15'),(84,11,63,'1993-03-13 22:47:02'),(85,13,50,'1988-02-09 09:14:11'),(86,68,76,'2017-10-16 02:27:59'),(87,39,35,'1982-10-25 13:34:21'),(88,33,25,'1975-07-06 15:31:39'),(89,30,53,'2009-05-18 03:39:37'),(90,33,85,'1978-04-09 22:37:56'),(91,26,30,'1998-04-16 19:23:00'),(92,96,45,'1996-07-27 02:09:22'),(93,46,58,'2002-08-10 13:06:47'),(94,86,28,'1993-07-29 11:28:18'),(95,65,45,'1998-12-19 09:06:49'),(96,44,52,'1978-03-24 09:52:37'),(97,83,20,'1983-03-08 09:18:14'),(98,10,41,'1997-09-28 23:09:25'),(99,89,20,'2001-04-17 12:19:22'),(100,3,1,'2008-01-28 16:52:34');
/*!40000 ALTER TABLE `likes` ENABLE KEYS */;
UNLOCK TABLES;

--
-- Table structure for table `media`
--

DROP TABLE IF EXISTS `media`;
/*!40101 SET @saved_cs_client     = @@character_set_client */;
/*!40101 SET character_set_client = utf8 */;
CREATE TABLE `media` (
  `id` bigint(20) unsigned NOT NULL AUTO_INCREMENT,
  `media_type_id` bigint(20) unsigned NOT NULL,
  `user_id` bigint(20) unsigned NOT NULL,
  `body` text COLLATE utf8mb4_unicode_ci DEFAULT NULL,
  `filename` varchar(255) COLLATE utf8mb4_unicode_ci DEFAULT NULL,
  `size` int(11) DEFAULT NULL,
  `metadata` longtext CHARACTER SET utf8mb4 COLLATE utf8mb4_bin DEFAULT NULL CHECK (json_valid(`metadata`)),
  `created_at` datetime DEFAULT current_timestamp(),
  `updated_at` datetime DEFAULT NULL ON UPDATE current_timestamp(),
  UNIQUE KEY `id` (`id`),
  KEY `user_id` (`user_id`),
  KEY `media_type_id` (`media_type_id`),
  CONSTRAINT `media_ibfk_1` FOREIGN KEY (`user_id`) REFERENCES `users` (`id`),
  CONSTRAINT `media_ibfk_2` FOREIGN KEY (`media_type_id`) REFERENCES `media_types` (`id`)
) ENGINE=InnoDB AUTO_INCREMENT=101 DEFAULT CHARSET=utf8mb4 COLLATE=utf8mb4_unicode_ci;
/*!40101 SET character_set_client = @saved_cs_client */;

--
-- Dumping data for table `media`
--

LOCK TABLES `media` WRITE;
/*!40000 ALTER TABLE `media` DISABLE KEYS */;
INSERT INTO `media` VALUES (1,1,1,'Deserunt cupiditate illum unde voluptas nostrum dolore. Quo tempora doloribus vel minima quibusdam laboriosam.','praesentium',153,NULL,'2011-01-25 04:18:23','1974-07-29 11:33:07'),(2,2,2,'Cum provident est asperiores atque quas. Assumenda quia sed excepturi mollitia sint provident rerum. Veritatis ipsa accusamus et recusandae neque deleniti corporis. Nihil est ut porro ut minima numquam.','cumque',230,NULL,'2007-04-01 16:34:55','1982-12-09 18:01:26'),(3,3,3,'Esse asperiores voluptatibus nisi neque neque omnis sed. Officiis error alias tenetur eum temporibus sit at. Iusto neque quod accusantium aut neque rem aut. Aut laborum quia iure aliquid.','molestias',238,NULL,'2004-06-27 20:50:49','1991-09-10 00:41:01'),(4,1,4,'Facere consequatur ipsum provident consequatur sequi. Dolorem nisi similique aut expedita. Accusamus necessitatibus harum modi voluptatem est vitae tenetur placeat.','deleniti',392,NULL,'1997-05-12 05:22:20','2001-07-02 20:29:28'),(5,2,5,'Et rerum voluptatum minus consectetur voluptate. Et ut quis consectetur non.','aspernatur',414,NULL,'1985-12-23 20:48:52','1998-01-07 18:13:03'),(6,3,6,'Non aut nisi et. Eum quisquam quibusdam dolorem et fugiat corrupti ea id. Maxime ullam veniam ut ad est cupiditate mollitia doloremque. Quae dolor nemo neque dolores est perspiciatis.','quis',482,NULL,'2009-02-08 00:06:22','2019-01-31 12:20:28'),(7,1,7,'Et praesentium sunt minima quibusdam. Dignissimos in animi asperiores et nesciunt et enim. Animi officiis vitae provident ratione excepturi autem. Consequatur voluptatibus aspernatur explicabo quia suscipit voluptatem veniam.','qui',482,NULL,'1998-05-07 11:49:24','1996-12-02 04:53:14'),(8,2,8,'Iure corrupti quos fugit ullam velit recusandae necessitatibus. Soluta et quia quis.','necessitatibus',199,NULL,'1987-07-03 11:10:18','1981-06-29 16:11:37'),(9,3,9,'Nobis voluptatem nihil occaecati qui. Et sunt quaerat sequi sunt voluptate. Beatae dolores qui ut sit est quis error est. Totam aut labore doloremque.','quo',273,NULL,'1973-12-12 14:27:31','2019-01-19 05:55:56'),(10,1,10,'Neque accusamus et quia deleniti ab. Et voluptatibus unde voluptate repellendus reiciendis. Illum non consequatur dolorum quis hic error minus.','fuga',464,NULL,'1999-01-23 14:39:50','2017-01-20 18:13:49'),(11,2,11,'Nostrum consectetur eum cum est perspiciatis porro. Ipsum enim ipsa cum vero veniam. Tempore soluta atque sint expedita.','quia',433,NULL,'1975-11-02 01:53:53','2014-09-07 02:26:58'),(12,3,12,'Id error architecto error tempora dolores ipsum placeat. Voluptas aut dignissimos excepturi recusandae ut incidunt qui quam. Dolores nostrum nisi aspernatur eligendi quaerat.','molestiae',221,NULL,'2019-10-26 00:23:45','1997-08-05 20:47:59'),(13,1,13,'Praesentium esse culpa maiores molestiae voluptatem. Aperiam aperiam ratione magnam repudiandae. Hic laborum voluptatem dolore eius ea itaque. In quia qui cum ab aliquam debitis.','in',497,NULL,'2003-03-31 06:03:48','1989-11-02 03:45:44'),(14,2,14,'Laboriosam est illo unde nihil blanditiis quasi. Ut eius dignissimos hic sit nam minima officia. Incidunt voluptas aliquid aut consequatur sequi pariatur distinctio. Quas dolore incidunt velit magni.','cumque',483,NULL,'1986-06-19 19:48:29','2010-07-08 17:50:02'),(15,3,15,'Magnam asperiores odit nesciunt. Voluptatem quia enim alias enim minima deleniti omnis animi. Magni corrupti consequatur placeat atque magni.','voluptas',207,NULL,'2016-10-21 05:51:41','1985-08-18 09:55:08'),(16,1,16,'Sed nobis quia voluptate voluptatem. Magnam neque nisi dolores cupiditate est maxime. Repellat sed qui laboriosam soluta ut necessitatibus. Error officiis perferendis nulla earum veniam accusamus sit.','debitis',182,NULL,'1996-07-25 00:50:46','2018-11-29 21:13:06'),(17,2,17,'Quo ducimus eum laboriosam ut et eius et. Earum quam deserunt ex. Dicta adipisci possimus corrupti assumenda id facilis ex.','iure',290,NULL,'2005-12-26 03:32:10','1990-09-13 21:47:09'),(18,3,18,'Et eveniet facilis nostrum autem omnis sunt sit. Nihil veniam qui delectus odio hic. Reprehenderit sunt magnam eos impedit repudiandae. Qui ea maiores cum harum voluptatem omnis.','excepturi',342,NULL,'2009-01-25 11:13:29','2002-02-10 07:59:01'),(19,1,19,'Ipsum dolor corporis animi pariatur qui non. Voluptate quis velit sit sed eaque ut ipsam. Culpa et fugit suscipit et. Est autem ipsam laudantium officia et quia ad doloremque.','cumque',149,NULL,'1999-06-05 23:21:25','1994-05-26 06:06:00'),(20,2,20,'Consequatur modi ut suscipit sed ut sed error. Ipsum iste ab cum et soluta doloremque. Cupiditate numquam consequatur et. Et ab omnis accusamus quis explicabo.','quidem',232,NULL,'2007-03-23 17:28:07','2013-05-01 02:37:35'),(21,3,21,'Odit impedit omnis fuga vero. Ut est perspiciatis sit vel eum est velit. Quo magnam explicabo fuga porro.','et',327,NULL,'2019-03-28 03:33:52','1974-01-21 01:06:10'),(22,1,22,'Et quia ex ut rerum. Impedit rem recusandae id sit. Eius magni inventore architecto id.','qui',392,NULL,'2015-09-02 13:11:52','1990-06-17 07:42:19'),(23,2,23,'Id ut ex id velit. Incidunt nam quae voluptatum voluptatem perspiciatis. A fugit voluptatem sed voluptatem quidem quos non doloribus.','quae',270,NULL,'2018-04-08 09:59:36','1970-06-10 20:56:38'),(24,3,24,'Nulla autem eos aliquam et nisi doloremque. Voluptates optio harum quidem. Rem mollitia asperiores molestias culpa dolores ipsam harum. Facilis repudiandae eos cum tempora praesentium deserunt rem.','saepe',351,NULL,'1972-06-26 16:09:13','2003-10-15 09:55:57'),(25,1,25,'Aut esse est delectus voluptas eum maxime aspernatur iste. Vel eum rerum voluptas maiores enim quasi dolorem. Soluta ullam nam dignissimos eos et. Tenetur necessitatibus accusantium qui quod. Odit tempore est rerum vel.','culpa',438,NULL,'2007-05-09 07:43:45','1989-12-14 20:10:26'),(26,2,26,'Tenetur veniam fugit doloribus. Saepe voluptatum distinctio ut enim maiores adipisci repudiandae. Veritatis non quam sit totam.','et',488,NULL,'2005-05-01 20:25:29','1980-03-13 08:35:57'),(27,3,27,'Hic recusandae est sunt labore. Error ut architecto velit illum. Nesciunt doloribus voluptas eos ea minus officiis facilis. Maxime non pariatur quae commodi nemo quod quia.','quod',155,NULL,'1998-09-24 12:21:21','1980-09-04 02:58:38'),(28,1,28,'Ratione alias consectetur vel ipsa itaque nostrum quia. Nesciunt laudantium assumenda minus consequatur in.','qui',263,NULL,'1999-04-03 08:45:25','1977-11-17 12:00:53'),(29,2,29,'Provident architecto id ratione ipsa rerum. Alias qui enim unde cumque atque nisi incidunt. Eligendi quo quo corrupti consequatur ea aspernatur sit. Qui repellat tempora voluptatem qui consequatur.','asperiores',287,NULL,'1982-10-09 17:03:37','2009-11-01 13:02:55'),(30,3,30,'Deserunt commodi veritatis quia. Iure sapiente voluptas rerum ut nemo sit cum. Provident praesentium odit ullam possimus. Dolore repellat vitae nobis dolor molestiae harum quia.','dolorem',320,NULL,'1984-02-01 19:20:57','1988-10-24 04:18:51'),(31,1,31,'Inventore nostrum ad officiis eum. Debitis maxime velit veritatis nulla error nesciunt cum. Et dignissimos cumque ipsa ut perspiciatis aut aperiam.','non',168,NULL,'2006-08-05 15:43:09','2002-12-17 10:12:14'),(32,2,32,'Deserunt delectus eius illum eos praesentium corrupti. Maxime eos aut ut nesciunt unde iusto. Accusantium eius repellat sint perspiciatis. Id odit odio cumque aperiam saepe. Id occaecati quae explicabo tenetur qui ex temporibus.','ab',440,NULL,'1991-09-21 06:39:23','2000-04-22 22:31:55'),(33,3,33,'Aut voluptatibus illo quae ipsam perspiciatis. Minima corrupti temporibus repellendus rerum dicta ut omnis. Dolorum inventore sint ea sunt repellendus. Aut non reiciendis et sequi vel illum eveniet.','reprehenderit',263,NULL,'2015-09-29 17:16:19','1983-12-24 03:58:59'),(34,1,34,'Doloribus necessitatibus enim ea. Autem voluptatem eum sunt perspiciatis architecto sed blanditiis. Modi et veniam et corrupti.','quaerat',379,NULL,'2005-01-27 23:49:14','1987-09-14 04:48:39'),(35,2,35,'Quod omnis est neque explicabo expedita. Harum reprehenderit hic autem odio. Iure nihil recusandae delectus quis omnis qui laboriosam quidem.','sunt',463,NULL,'1990-03-10 10:11:34','2018-08-08 20:52:51'),(36,3,36,'Delectus quis quo error suscipit quidem. Et aut perferendis omnis sed. Minus doloribus est error sed nesciunt sint nihil. Sequi eos id vel reprehenderit et ea.','sunt',367,NULL,'2004-10-31 05:27:01','2017-01-21 23:03:37'),(37,1,37,'Voluptas nemo temporibus repellendus nam deleniti quasi voluptate. Accusantium cumque veniam cumque ut. Ratione esse ut vero ut. Rerum et et esse iusto dolores sit vel doloribus.','ut',159,NULL,'2022-05-09 09:53:53','1988-10-19 06:54:38'),(38,2,38,'Est minima doloribus nisi rerum. Eius facilis voluptates animi iste saepe. Eius quia eaque sed nam earum voluptas. Et libero asperiores ut dolorum sit labore corporis explicabo.','deserunt',193,NULL,'2021-12-25 07:51:14','2015-12-30 22:05:34'),(39,3,39,'Aut non non ducimus. Omnis numquam sunt cum nihil reiciendis. Fuga minus id ab.','consequatur',192,NULL,'1975-07-27 02:19:55','1983-03-15 22:12:52'),(40,1,40,'Aut minus exercitationem exercitationem aut possimus rerum labore. Perspiciatis nostrum id omnis veniam ipsum quo nam. Incidunt alias vitae dolores eum aliquid natus et.','quia',167,NULL,'2011-07-10 16:03:44','2016-10-29 15:52:33'),(41,2,41,'Quas et quam delectus quasi quis rem ut. Vel qui illum accusantium sint aliquid tenetur velit. Sapiente ea nisi nesciunt ut. Amet corporis at reiciendis magni vero temporibus ipsa temporibus.','neque',481,NULL,'1992-02-04 08:33:06','2005-08-18 05:18:28'),(42,3,42,'Non explicabo inventore eaque enim. Tempora tempore adipisci accusamus vel omnis. Et deleniti sed minus distinctio qui sit suscipit.','blanditiis',367,NULL,'2011-06-25 03:55:45','2006-02-07 22:34:38'),(43,1,43,'Adipisci qui voluptatem vel. Cum officia at cumque dolorum quia nobis modi et. Consequatur nobis et qui veniam minus. Quam rerum autem quos consequatur in accusantium.','tempore',443,NULL,'1997-05-24 08:30:05','1987-02-27 20:15:41'),(44,2,44,'Eos odio asperiores molestias. Ut sed voluptate ea sit molestias. Sit ut voluptatibus et praesentium eligendi cum. Dolores neque eum libero amet velit dolorem velit.','perspiciatis',345,NULL,'2006-02-10 11:09:10','1974-07-14 14:07:17'),(45,3,45,'Officia et quos porro et. Nostrum voluptate voluptas cum vero. Consequatur aperiam aperiam maxime. Tempore voluptas sequi explicabo eveniet.','eos',494,NULL,'2001-04-01 13:22:33','2020-04-11 01:56:49'),(46,1,46,'Deserunt nobis labore cupiditate eius. Enim et molestiae nisi ut vero sint fugiat. Dignissimos necessitatibus praesentium enim quod quibusdam eius. Est amet et ut corporis accusamus eos.','molestias',451,NULL,'1980-01-02 23:29:26','1995-10-07 21:36:19'),(47,2,47,'Eius non voluptatum ea vel. Nihil voluptatem eius soluta. Aut perspiciatis qui quaerat ab quia.','excepturi',148,NULL,'1975-12-30 15:14:04','2011-01-24 17:55:52'),(48,3,48,'Repudiandae enim nemo dolore qui ipsum rerum voluptas. Molestiae asperiores occaecati quam rerum est commodi. Earum saepe culpa quisquam voluptates nihil doloribus aspernatur. Ut animi suscipit ipsum rem quisquam dolore.','repellendus',346,NULL,'2002-11-19 11:39:58','2020-03-31 22:57:44'),(49,1,49,'Saepe aut pariatur et sed. Distinctio voluptas tempora autem occaecati. Sint ex inventore ad sapiente repellat dolor exercitationem dolores.','non',382,NULL,'1981-12-11 01:37:19','2011-04-01 16:36:28'),(50,2,50,'Nihil consequatur eos soluta aut qui eius. Necessitatibus vel porro veritatis ratione doloribus magnam perspiciatis. Sit velit eos quo eveniet voluptatem. Hic explicabo in veritatis cum.','officiis',281,NULL,'2020-12-10 01:35:26','1974-12-12 20:59:40'),(51,3,51,'Voluptatibus facilis omnis pariatur facere architecto autem. Saepe aut illum beatae alias ipsam. Labore quidem laudantium hic dolorem et. Dolores similique dolores molestias.','quia',473,NULL,'1980-07-13 09:54:18','1999-11-06 22:08:37'),(52,1,52,'Dolor autem eos recusandae. Autem quibusdam quis fugit blanditiis ullam sequi. Aut rem odio esse officia voluptatem omnis quam. Incidunt ut et ut quis inventore.','ad',473,NULL,'2007-08-26 15:44:11','1980-01-01 12:17:16'),(53,2,53,'Ipsa cumque repellendus voluptatum magni corrupti. Occaecati expedita sunt sint ducimus tempora culpa animi. Qui sunt adipisci possimus quae. Laudantium earum et consequatur temporibus accusamus nihil non.','quasi',408,NULL,'1998-01-22 08:12:58','2021-06-05 13:30:40'),(54,3,54,'Sit dolores itaque error amet voluptas sed. Ut quia provident consequatur iusto molestiae pariatur dolor. Et et quam eum non qui sed non praesentium. Accusantium occaecati pariatur est possimus.','quae',332,NULL,'1976-07-30 20:27:27','1978-04-10 22:48:23'),(55,1,55,'Porro vel laboriosam quod sed autem. Rerum ex eum commodi dolore vero odio. At debitis et perspiciatis. Officia nihil voluptates minima architecto libero ut sunt.','earum',472,NULL,'2021-01-10 08:25:35','2020-10-30 09:39:13'),(56,2,56,'Rerum quae temporibus asperiores est laboriosam rerum enim. Natus dolorem tempora expedita veniam culpa ex. Laborum nihil fugiat ex iure. Ducimus qui et eaque debitis.','animi',358,NULL,'1988-03-23 20:03:59','1980-11-28 04:33:40'),(57,3,57,'Quas ab odit reiciendis aut aut a. Sed temporibus animi sint voluptas distinctio doloribus sapiente quo. Non rerum dolor debitis esse. Qui sint et alias voluptas sit.','provident',269,NULL,'2014-05-22 08:39:27','1977-03-20 02:56:28'),(58,1,58,'Aut quibusdam aliquid est nesciunt. Vitae eius laudantium et quo aut qui et provident. Voluptas est error incidunt neque dolores voluptas necessitatibus.','quam',167,NULL,'1970-12-19 14:59:00','2011-05-20 09:10:12'),(59,2,59,'Ratione ut ratione eaque tenetur sunt in. Accusamus doloremque totam est alias ducimus neque qui. Earum harum amet saepe fugiat et. Minima a ut voluptas aut expedita similique ut.','consequatur',470,NULL,'2019-08-30 23:19:01','2001-02-21 19:22:42'),(60,3,60,'Vel natus voluptatum eos earum ullam autem. Neque aut temporibus consequatur sit exercitationem velit sunt. Vitae exercitationem corrupti quasi suscipit explicabo et pariatur. Quo quidem eaque vitae quo dolor praesentium quia.','quia',442,NULL,'1999-03-05 09:06:10','1971-11-28 15:39:18'),(61,1,61,'Non quod quis doloremque. Aspernatur totam deserunt sed nostrum sunt repudiandae laborum aut. Eos doloremque provident voluptatem consequuntur. Ratione adipisci minus hic architecto tempora ad suscipit.','enim',136,NULL,'1996-08-13 04:23:20','2022-06-15 02:00:11'),(62,2,62,'Facilis quia est quae repudiandae quisquam voluptas. Dolorem voluptates mollitia rerum. Voluptatem iste quisquam neque ut itaque at.','molestiae',360,NULL,'1983-04-15 23:19:32','2010-10-20 19:14:41'),(63,3,63,'Saepe corporis illo et reiciendis. Beatae quam molestias beatae debitis temporibus. Est quia totam mollitia aut.','et',286,NULL,'1982-12-27 05:59:09','1977-11-24 14:37:50'),(64,1,64,'Fuga non in quas nemo. Ut est accusantium deleniti nulla cupiditate. Accusantium perspiciatis dolor qui. Doloribus architecto corrupti voluptatem quod autem nulla illo.','nostrum',494,NULL,'1991-04-16 16:27:23','1982-08-09 22:02:56'),(65,2,65,'Voluptatibus quo est rerum aut ad voluptas sit. Et tenetur ratione ab voluptatibus qui illo distinctio. Eos vel ut aliquam enim inventore consequatur nesciunt voluptatem.','est',139,NULL,'1999-06-06 22:02:28','2021-10-25 13:03:12'),(66,3,66,'Omnis et optio itaque aliquid non. Placeat iure ut recusandae amet. Non minima atque fugit architecto tempora praesentium.','ipsa',169,NULL,'2003-12-04 01:09:01','2006-04-28 17:04:11'),(67,1,67,'Aut beatae consectetur aspernatur quis voluptas ratione non. Quo eos fugit minus aut. Corrupti voluptas ex molestiae et. Error beatae aut impedit quam consequatur dicta.','modi',232,NULL,'2009-08-23 20:33:27','1988-09-17 11:16:22'),(68,2,68,'Sit voluptatem repudiandae praesentium molestiae adipisci. Distinctio explicabo nobis rerum ut beatae. Pariatur perspiciatis excepturi iste sed dolorem cupiditate. Dolore et veritatis inventore qui veritatis ipsa ex.','accusamus',459,NULL,'1980-07-25 21:10:44','1999-01-05 21:05:43'),(69,3,69,'Dolorem ut tenetur harum perspiciatis. Voluptatem dolore eius maiores doloremque. At mollitia molestiae soluta. Incidunt repellat fugit rerum mollitia vel tempore.','quis',395,NULL,'2000-05-27 00:25:41','2010-01-13 03:20:03'),(70,1,70,'Voluptas deserunt odio excepturi nulla excepturi vitae modi. Suscipit nisi aspernatur incidunt provident sapiente. Velit repudiandae cupiditate adipisci qui explicabo id et.','sequi',138,NULL,'1979-09-13 22:47:49','2015-05-06 07:10:00'),(71,2,71,'Quia fugiat ipsum sunt molestias odit. Qui quo aut sunt. Commodi odio omnis facere qui ut id.','minima',448,NULL,'1998-02-22 16:44:02','1980-02-07 17:19:35'),(72,3,72,'Modi neque sapiente est repellat quaerat. Libero quo molestias molestias aut fuga.','omnis',425,NULL,'1997-05-07 16:05:23','2013-05-30 14:04:35'),(73,1,73,'Ea asperiores aperiam magni. Recusandae vel omnis sint aut dolor. Quam ut sapiente quae sit ipsum dolor.','omnis',477,NULL,'1982-10-09 13:25:41','2008-01-21 06:33:58'),(74,2,74,'Vero dolor qui qui. Vero id laudantium neque consequatur numquam. Occaecati mollitia cupiditate error sunt.','animi',171,NULL,'1986-12-07 16:27:48','1970-03-26 05:27:30'),(75,3,75,'Et mollitia recusandae aliquid voluptatem voluptatem. Est possimus commodi enim ut sunt omnis. Non qui sed accusamus qui possimus quidem vitae.','vitae',282,NULL,'1991-01-11 00:57:38','2019-01-22 13:14:20'),(76,1,76,'Laboriosam quod et et adipisci. Culpa quisquam autem sed enim quia excepturi laudantium. Qui est et quisquam quis sunt. Ut quaerat itaque neque quasi debitis.','deleniti',358,NULL,'2009-03-01 22:56:29','1971-06-20 05:20:03'),(77,2,77,'Ducimus sequi dolor assumenda. Velit veniam facilis voluptatem sed excepturi. Rem non nobis quis sit eos nostrum error iste. Voluptas occaecati in ab suscipit inventore ut.','eum',280,NULL,'2004-04-05 06:21:18','1983-02-05 08:00:52'),(78,3,78,'Minus iusto eligendi omnis nam accusamus aut consequatur. Cum aliquam odio doloremque fugit rem distinctio maiores hic. Excepturi odio nemo est pariatur sed. Rerum qui reprehenderit aperiam sit maiores sunt veritatis esse.','dolor',417,NULL,'2018-12-07 09:14:13','1976-10-30 23:34:05'),(79,1,79,'Nihil explicabo molestiae esse quo eaque voluptatem. Eos ut omnis facilis corporis. Architecto quia blanditiis ea quas.','quia',406,NULL,'2019-08-29 08:10:39','2011-08-07 00:29:30'),(80,2,80,'Non nostrum omnis perspiciatis non quisquam omnis. Soluta qui reiciendis modi eum ipsam veniam nobis. Sapiente maxime id et qui quo. Dolor aut quis natus.','aut',197,NULL,'2016-03-06 17:55:50','2006-06-11 04:40:43'),(81,3,81,'Est sed nulla voluptas quisquam esse nesciunt. Optio nostrum esse et corrupti laboriosam neque. Suscipit quia in perspiciatis expedita. Nulla eveniet et est sint et ratione. Adipisci eaque reprehenderit voluptatem reprehenderit ipsa.','eligendi',479,NULL,'1975-06-17 00:39:22','2018-08-13 19:18:05'),(82,1,82,'Sequi quidem quasi aliquid laboriosam ullam molestiae. Et totam voluptas fuga ut molestiae ut quia. Deserunt rerum laudantium illum eligendi expedita ut.','eos',444,NULL,'2008-09-23 12:06:53','1980-08-31 15:48:54'),(83,2,83,'Occaecati quasi esse voluptas assumenda et. Qui voluptatibus maiores quis hic.','dolor',269,NULL,'1978-11-05 02:22:12','1974-12-31 19:04:54'),(84,3,84,'Officia aliquam consequuntur libero beatae. Sint nemo voluptas dolores minus. Nesciunt quidem eum possimus ut quia tempora sed dolor.','sit',218,NULL,'1988-12-22 00:42:26','2007-05-23 12:39:09'),(85,1,85,'Repudiandae asperiores est sit earum assumenda. Sed non delectus velit porro iste fugiat. Ratione dignissimos voluptas aspernatur molestias autem ipsam iusto.','molestias',259,NULL,'2010-05-02 16:48:03','1977-05-24 05:42:07'),(86,2,86,'Error ullam ab veniam quia eos. Ullam incidunt culpa totam laboriosam. Odit quod aut sit iste beatae dicta. Suscipit vel non ipsa quaerat asperiores ab rerum laborum. Aperiam architecto itaque ea omnis sit dolor.','maxime',314,NULL,'1993-05-23 04:29:46','1991-09-17 15:56:50'),(87,3,87,'Placeat accusamus illo ipsum culpa aut. Exercitationem laudantium quo neque quo soluta est. Assumenda asperiores accusantium dolorem fugiat qui.','consequuntur',417,NULL,'2008-03-23 17:49:21','2006-08-24 17:35:12'),(88,1,88,'Repellendus ducimus veniam eius accusamus nam debitis molestiae. Quia quam adipisci velit tenetur hic cupiditate. Repellendus commodi ut necessitatibus est quia et accusamus quaerat.','corrupti',173,NULL,'2013-03-28 09:39:55','1971-10-02 01:36:38'),(89,2,89,'Doloremque ut consectetur repellat quis incidunt. Voluptatibus explicabo enim beatae sint sit. Vel praesentium deleniti eaque enim. Aspernatur ullam inventore iure tenetur minus sed. Distinctio magni quia qui est.','nesciunt',445,NULL,'1988-08-27 13:58:29','1971-01-01 01:02:47'),(90,3,90,'Dolorem repellat sint soluta delectus velit sunt molestiae. Illum laborum voluptatum eaque eum. Dolores iste tenetur sed voluptates deleniti. Et aut culpa sint et laboriosam velit quo.','ipsa',367,NULL,'1981-03-07 11:00:50','1972-02-25 11:54:36'),(91,1,91,'Corporis eius maxime id quia dolorem aut mollitia adipisci. Enim repudiandae eum ut qui quia hic. Maiores dolores distinctio impedit dolor illo. Eius quo explicabo quae explicabo ad cum placeat.','quia',171,NULL,'2013-07-18 23:59:10','1986-01-18 17:22:47'),(92,2,92,'Asperiores placeat accusantium illo minus quis. Quos ut in id unde qui.','blanditiis',467,NULL,'1987-11-27 07:01:21','1995-10-13 10:27:22'),(93,3,93,'Ea dicta eos et nemo commodi. Nobis quo temporibus reiciendis praesentium. Voluptas quos temporibus doloribus saepe inventore quo aliquam et. Eos voluptatem temporibus ut sint et.','dolorem',181,NULL,'2000-02-10 07:28:07','1970-06-07 21:27:53'),(94,1,94,'Quis pariatur reprehenderit qui aut qui. Dolore repellendus accusamus temporibus iusto. Assumenda velit at rerum harum qui. Nihil quos animi non.','fuga',152,NULL,'1972-10-08 01:38:22','1970-01-15 16:35:12'),(95,2,95,'Eligendi est eius facere dolorem consectetur corrupti ut. Eius et nesciunt et doloremque aut corporis. Id nemo libero ut facilis. Porro itaque quasi magnam rerum eligendi vero nisi.','velit',488,NULL,'1988-12-07 02:49:14','2004-05-05 15:58:15'),(96,3,96,'Occaecati voluptatibus vel saepe voluptas. Ipsam sapiente ea soluta similique rem sit.','rem',396,NULL,'2002-09-01 12:40:33','1980-04-12 23:53:29'),(97,1,97,'Voluptatem delectus numquam accusantium. Autem voluptatum incidunt labore nostrum omnis. Quo eum sapiente officia beatae.','aut',341,NULL,'1986-11-18 06:01:43','1986-01-22 00:31:50'),(98,2,98,'Fugiat et sint similique dolorum qui. Et suscipit dolores deserunt dolorem voluptas non. Ratione omnis vitae autem modi pariatur.','blanditiis',366,NULL,'1992-09-09 19:07:05','1989-03-10 09:02:45'),(99,3,99,'Sed cupiditate laudantium libero voluptatem laboriosam. Doloribus voluptate quia error necessitatibus facere consequatur quia tempora. Non dolores voluptates aut omnis deserunt ad. Ipsam autem laudantium nostrum numquam.','soluta',161,NULL,'1974-11-20 16:28:28','2021-08-05 09:51:17'),(100,1,100,'Minus eum ipsum ut ab quisquam cumque. Qui possimus modi quas dicta sint et modi. Similique perferendis aliquam incidunt quod id et. Labore iusto sed quibusdam.','pariatur',488,NULL,'2010-05-11 22:11:05','1977-05-03 17:36:19');
/*!40000 ALTER TABLE `media` ENABLE KEYS */;
UNLOCK TABLES;

--
-- Table structure for table `media_types`
--

DROP TABLE IF EXISTS `media_types`;
/*!40101 SET @saved_cs_client     = @@character_set_client */;
/*!40101 SET character_set_client = utf8 */;
CREATE TABLE `media_types` (
  `id` bigint(20) unsigned NOT NULL AUTO_INCREMENT,
  `name` varchar(255) COLLATE utf8mb4_unicode_ci DEFAULT NULL,
  `created_at` datetime DEFAULT current_timestamp(),
  `updated_at` datetime DEFAULT NULL ON UPDATE current_timestamp(),
  UNIQUE KEY `id` (`id`)
) ENGINE=InnoDB AUTO_INCREMENT=4 DEFAULT CHARSET=utf8mb4 COLLATE=utf8mb4_unicode_ci;
/*!40101 SET character_set_client = @saved_cs_client */;

--
-- Dumping data for table `media_types`
--

LOCK TABLES `media_types` WRITE;
/*!40000 ALTER TABLE `media_types` DISABLE KEYS */;
INSERT INTO `media_types` VALUES (1,'ut','1976-09-05 17:24:40','1970-03-23 12:55:24'),(2,'tempora','2011-05-18 20:22:41','1999-11-04 05:35:58'),(3,'sint','1976-04-16 06:54:58','1998-05-12 22:15:26');
/*!40000 ALTER TABLE `media_types` ENABLE KEYS */;
UNLOCK TABLES;

--
-- Table structure for table `messages`
--

DROP TABLE IF EXISTS `messages`;
/*!40101 SET @saved_cs_client     = @@character_set_client */;
/*!40101 SET character_set_client = utf8 */;
CREATE TABLE `messages` (
  `id` bigint(20) unsigned NOT NULL AUTO_INCREMENT,
  `from_user_id` bigint(20) unsigned NOT NULL,
  `to_user_id` bigint(20) unsigned NOT NULL,
  `body` text COLLATE utf8mb4_unicode_ci DEFAULT NULL,
  `created_at` datetime DEFAULT current_timestamp(),
  UNIQUE KEY `id` (`id`),
  KEY `from_user_id` (`from_user_id`),
  KEY `to_user_id` (`to_user_id`),
  CONSTRAINT `messages_ibfk_1` FOREIGN KEY (`from_user_id`) REFERENCES `users` (`id`),
  CONSTRAINT `messages_ibfk_2` FOREIGN KEY (`to_user_id`) REFERENCES `users` (`id`)
) ENGINE=InnoDB AUTO_INCREMENT=101 DEFAULT CHARSET=utf8mb4 COLLATE=utf8mb4_unicode_ci;
/*!40101 SET character_set_client = @saved_cs_client */;

--
-- Dumping data for table `messages`
--

LOCK TABLES `messages` WRITE;
/*!40000 ALTER TABLE `messages` DISABLE KEYS */;
INSERT INTO `messages` VALUES (1,67,67,'Quisquam veniam non pariatur dolorem omnis maiores. Sint velit possimus eum et officia necessitatibus adipisci natus.','1993-06-27 20:20:07'),(2,59,94,'Dolorem vel rerum a nihil libero rerum accusantium quia. Qui quis veniam minus quidem.','2012-09-11 17:43:39'),(3,57,93,'Occaecati reiciendis id corrupti. Totam aspernatur nihil ab non consequuntur iste velit odio. Tempore voluptatem alias rerum molestiae.','1982-05-11 22:13:37'),(4,88,52,'Veniam aliquid quaerat aut quod rerum sit. Est quia eos vel perferendis ut quos quo. Autem sit est aut deserunt qui. Harum inventore quo tempora.','1997-08-20 02:48:27'),(5,94,51,'Cum omnis cumque doloribus quod. Id veniam fuga natus reprehenderit aspernatur perferendis asperiores.','1990-03-05 08:38:15'),(6,78,39,'Ullam est quod voluptatem ducimus. Animi omnis ratione et sed sequi suscipit aut nisi. Temporibus ut nihil eius velit et modi et.','1994-01-06 07:58:02'),(7,12,26,'Sint dolorem nihil asperiores sed. Perferendis unde nihil cum vel. Nesciunt nulla blanditiis quasi accusantium ut commodi.','1978-03-19 16:23:27'),(8,90,92,'Mollitia facilis eveniet debitis ratione voluptatem non. Dolores veniam omnis ipsum ex velit. Nemo ut assumenda quas sint esse quisquam.','1996-03-08 05:39:53'),(9,36,86,'Odio ratione asperiores recusandae ut sed quidem modi. Similique numquam facilis sequi dolorem laboriosam expedita. Ullam reiciendis nesciunt autem ad et assumenda dicta sint.','1991-10-16 08:48:44'),(10,46,27,'Et dolore magni ab ad. Laudantium sunt consectetur iste dolores ad rerum qui. Doloremque ipsam cupiditate facere aut reiciendis facere sunt eligendi.','2014-02-27 07:20:29'),(11,36,51,'Asperiores expedita sit sunt sed qui minus sequi. Eius ut quas ex id tenetur. Iste perspiciatis itaque quia mollitia est unde ex. Tenetur non autem mollitia dolores.','1980-05-28 10:17:02'),(12,64,82,'Aspernatur qui nam ipsam. Odit error sunt laudantium ut aut quis vel. Necessitatibus voluptates facere est labore id voluptatibus voluptatum. In autem et officia minus enim consequatur labore.','2007-09-06 22:57:00'),(13,85,33,'Ratione harum aut sed voluptatem. Optio ut accusantium repellendus. Architecto maxime pariatur omnis eum ut voluptatem repudiandae. Modi ex et aut et.','1970-01-31 21:36:24'),(14,39,66,'Libero alias rerum quia velit in sed ad omnis. Et est et quia maxime eos quas. Voluptates et non tenetur aliquam. Ut distinctio qui quia fugiat officiis fugiat voluptatem.','1992-10-10 09:15:09'),(15,37,48,'Voluptas inventore et aut unde vel magnam culpa. In non tenetur aliquam qui tempora sequi porro. Cumque accusantium est sapiente repellat unde velit assumenda.','1998-12-20 10:06:05'),(16,70,4,'Vel ad consectetur rerum quis assumenda qui pariatur. Eligendi et porro quo doloremque quo at. Cum quae ipsam rerum inventore.','2021-10-29 18:14:40'),(17,14,28,'Qui quia beatae eveniet voluptatum. Quis ab commodi et qui amet. Laboriosam rerum dolor minus voluptatibus non labore maxime non.','1996-05-12 00:28:55'),(18,98,71,'Et veniam illo nisi id nihil. Nam voluptas a cupiditate laborum qui omnis dolor. Beatae qui ex iure autem. In vero rem modi id.','2011-07-09 21:15:18'),(19,20,85,'Necessitatibus molestias cumque consectetur dolor facere nemo aliquid. Distinctio tempora laborum et maxime. Officia sit ratione reiciendis. Eaque odio dolor sed earum sed facere.','2004-08-06 01:14:25'),(20,22,14,'Sit iusto culpa minus sit. Voluptate harum aut saepe perferendis et. Minus nihil rerum placeat. At et enim ut et ut.','1983-07-21 10:28:54'),(21,36,100,'Ut enim a error ea est laudantium nostrum. Quam culpa ipsa autem enim soluta veritatis velit dolor.','2015-03-16 16:35:32'),(22,52,48,'Cum voluptatibus accusamus libero. Rerum voluptatum ad harum natus quos.','1977-02-28 06:27:57'),(23,26,41,'Architecto vel aut voluptatum occaecati facere omnis voluptatum. Fugiat minima voluptatem nam dolores dolorum omnis. Sunt et sunt voluptatibus possimus exercitationem doloremque.','1991-01-14 11:08:36'),(24,39,61,'Omnis sint accusamus minima consequatur soluta delectus. Blanditiis ut cumque perspiciatis ab quos quibusdam eaque magnam.','1971-05-23 16:33:25'),(25,27,84,'Culpa quod odio nisi assumenda in. Et dolores aut non a distinctio. Aut rerum provident amet quia.','2002-09-05 09:38:39'),(26,87,62,'Eos est qui voluptas dolores. Nam qui consectetur harum ipsa. Doloremque natus alias similique. Omnis dolor commodi ea aut deserunt asperiores rerum.','2012-07-01 03:16:39'),(27,35,51,'Ut rerum veniam cupiditate inventore sequi. Numquam voluptatem corporis modi vitae. Doloremque provident cum sed.','1996-02-25 20:27:06'),(28,44,20,'Maiores cum incidunt quos quis. Accusantium id molestias qui. Accusamus est omnis assumenda quo et.','2000-12-23 07:29:19'),(29,83,83,'Et vitae sunt reiciendis. Nam quia facilis est cupiditate ducimus minima. Et aut voluptas similique est eveniet similique. Esse illum et voluptatem adipisci facilis praesentium saepe.','1983-09-11 23:05:06'),(30,85,20,'Rerum nostrum nisi omnis impedit dicta eligendi error. Id ea quia velit laboriosam qui odit repellat. Ducimus molestiae temporibus officiis quidem vel.','2019-12-09 18:34:20'),(31,30,55,'Quam sit accusamus et doloremque. Numquam autem iste sint vero asperiores. Illum tempora assumenda et quia ut. Et vel ut officia blanditiis vero maxime quis.','2005-07-17 01:59:39'),(32,24,44,'Voluptas ducimus fugit sit dolor. Blanditiis molestias eius labore dolores. Qui cumque voluptas dolor cupiditate harum.','1979-07-07 19:12:13'),(33,82,21,'Non voluptatum voluptas assumenda alias. Numquam alias asperiores asperiores saepe iure aut distinctio. Eum ea unde eaque voluptatem sunt et.','1977-12-22 16:15:30'),(34,14,2,'Similique iste non explicabo hic consequatur officiis. Temporibus et aut praesentium ullam voluptatem dignissimos similique.','1987-06-02 00:27:47'),(35,6,36,'Est et quis et pariatur et sit. Deserunt consequuntur et maxime eos labore et. Et iste ullam eligendi beatae fugit possimus omnis dolore.','2001-09-08 02:46:35'),(36,15,42,'Inventore aut odio mollitia labore molestiae non. Amet enim totam doloribus aut. Alias enim aliquid amet cumque et.','1973-03-02 02:12:48'),(37,36,66,'Quia dicta dolor voluptas ut. Consequuntur aut molestias aut hic eius magnam. Nam deserunt necessitatibus provident quas et accusamus. Commodi sed ratione eius aut iusto repellendus.','1998-04-17 03:19:02'),(38,89,61,'Et molestiae voluptatem praesentium deleniti ad. Voluptas ad et ipsum ut quibusdam aut a aut. Libero deserunt omnis amet voluptatem quas asperiores. Quasi quo dignissimos at dicta sed qui quisquam est.','1992-04-18 20:46:24'),(39,7,27,'Eaque maxime laudantium unde omnis ipsam. Quis voluptas sit fugit in maxime fuga. Quo natus deleniti esse qui repudiandae ea corrupti. Ut ut aliquid saepe non nemo quia.','1986-09-20 14:05:33'),(40,22,33,'Voluptatibus placeat consequatur earum et. Quo sed odio dignissimos et. Sit delectus quo modi voluptatem excepturi.','2001-04-15 06:06:04'),(41,11,9,'Quia provident alias quia est asperiores. Sit aperiam aut nam quaerat quasi. Ad nesciunt quos ea.','2006-03-29 19:58:30'),(42,95,45,'Non aut provident eveniet. Ut recusandae fugit id odit. Autem ea minus nisi eius et nesciunt sunt. Quis sit et cupiditate nihil doloremque recusandae dolor.','2019-09-15 22:23:16'),(43,59,39,'Accusantium quisquam qui sint ut quod unde. Aut nihil nihil rerum consectetur ut voluptatem incidunt doloremque. Dolor tenetur occaecati qui commodi autem natus.','2020-06-13 06:34:57'),(44,64,42,'Maiores voluptas nemo rerum velit non. Labore vel molestiae voluptas expedita deserunt magnam id. Soluta aut soluta explicabo ipsam.','1971-09-22 15:36:51'),(45,21,49,'Dolor voluptatem ea placeat nam qui fugiat ex. Id atque aut recusandae voluptates ab soluta ex aut. Sit iste labore culpa eos sapiente. Nihil quis aliquam dolorem totam dignissimos.','1970-12-12 18:19:53'),(46,61,51,'Quibusdam non excepturi et laborum. Quis placeat quisquam sequi nihil similique officia. Quia cumque blanditiis praesentium enim inventore in est minima.','2011-03-01 13:54:13'),(47,3,85,'Consequuntur similique sequi officiis occaecati qui consequuntur. Natus nostrum est ipsam molestiae ut. Eligendi unde ipsam qui et. Dicta ea sit id natus alias doloremque.','1982-12-12 08:06:58'),(48,95,85,'Quibusdam ea omnis aut. Quia aut ut qui quia. Quisquam ut officiis ea velit sint sint sit.','2020-07-03 17:29:37'),(49,5,9,'Dolor ex eveniet ipsum consequatur mollitia quia. Dolorem nisi rerum numquam doloribus. Eum mollitia aut cumque ipsum rerum est porro aut. Dolorum cupiditate non magni rerum quo.','2004-03-04 03:56:02'),(50,87,11,'Voluptatibus quo et ut dolore voluptate architecto nemo. Dolor culpa et officiis quibusdam. Pariatur vel non dicta sapiente est sapiente.','2020-12-05 16:24:23'),(51,45,1,'Rem id fugit architecto iusto. Similique autem occaecati nisi. Ut omnis et laborum hic harum sunt iusto. Veritatis corrupti nihil perspiciatis dolores nesciunt et.','1998-11-09 22:21:57'),(52,52,80,'Et ducimus amet sint est. Iste dolorem aspernatur consequatur magni. Et quia id recusandae voluptatum et delectus.','2020-08-27 15:33:05'),(53,67,40,'Nostrum ut quisquam voluptas et. Minima enim et quidem et corrupti. Iste cum quia praesentium in commodi quasi. Aliquam et voluptate in vel.','1990-02-13 10:32:25'),(54,40,74,'Quae reiciendis qui dolores ut repellat. Nesciunt voluptates aut non dolore animi.','2004-06-11 08:56:15'),(55,67,61,'Ipsum neque eos est ut et. Dolore blanditiis iure sint quisquam debitis. Sit natus fuga praesentium molestias dicta iusto.','1982-08-30 00:31:01'),(56,6,78,'Sit sunt iusto quisquam adipisci dolorem. Eos soluta qui hic est eveniet. Soluta architecto doloremque temporibus ab deserunt ullam facere blanditiis.','1985-08-15 02:51:32'),(57,69,1,'Eos autem deserunt magnam beatae. Officiis placeat necessitatibus quam beatae. Saepe recusandae neque maiores. Facere dolores quis dolores possimus aliquam aut omnis quasi.','1990-05-05 10:36:18'),(58,23,28,'Et reiciendis a dignissimos est. Numquam omnis molestiae aperiam et. Dolor molestiae magnam repudiandae rerum ut. Vitae enim animi atque libero explicabo consequatur velit.','1982-01-29 15:51:30'),(59,39,87,'Eum qui nihil voluptatem aut dicta nihil. Molestiae itaque est qui nesciunt illum et. Necessitatibus fugit est deleniti dolor neque tenetur ea.','2006-12-29 21:49:58'),(60,69,60,'Neque qui ut enim eaque. Eum aspernatur delectus voluptatem sed et voluptates perspiciatis.','2020-11-07 03:55:32'),(61,35,30,'Eum praesentium qui dignissimos officia. Repellendus quam reprehenderit vel. Magni et saepe aspernatur.','2019-02-02 05:57:24'),(62,10,38,'Totam provident tenetur a tenetur iste occaecati perferendis ut. Asperiores voluptatem quisquam voluptas necessitatibus et sit sed adipisci. Ut voluptatem molestiae maxime. Nesciunt ut praesentium repudiandae sed ea dolorem.','1997-09-20 16:17:30'),(63,14,5,'Et dicta voluptatem ut quod ea. Libero sed totam eaque et adipisci hic mollitia. Ipsa sint sapiente magnam ratione sed vel dolores. Assumenda quaerat consequatur cum et qui perspiciatis veniam eveniet. Tempora magnam ullam nam debitis repudiandae at et.','2005-08-07 07:27:02'),(64,23,19,'Quidem accusantium ut quaerat quae rerum qui quisquam et. Et dolorem ut rerum officia labore alias quia dolor. Tempore sint consequatur recusandae distinctio.','1986-02-24 16:32:31'),(65,13,9,'Officia magni corrupti porro minus. Modi necessitatibus rerum ad reiciendis adipisci sit aut exercitationem. Distinctio perspiciatis qui occaecati deleniti est adipisci at.','1979-02-27 05:54:59'),(66,29,57,'Ut quidem in perspiciatis quo quibusdam quidem. Quod aut ipsa nisi totam.','2013-02-01 16:48:04'),(67,9,81,'Earum dolores laborum non. Minima totam consequuntur dolores ad. Quod cum quia quis rem porro repellat error.','1997-06-13 07:32:33'),(68,36,75,'Adipisci fugit laborum culpa et optio consectetur. Veritatis aut temporibus optio doloremque. Aut similique laboriosam autem ut aut qui suscipit facere. Eos in provident iusto id.','1995-03-03 18:34:17'),(69,21,76,'Et rerum accusantium voluptatibus sint consequuntur quaerat. Ut quo placeat ut laudantium quaerat officia.','2011-12-20 19:26:57'),(70,48,88,'Fuga quam est incidunt ipsa error voluptate. Unde natus perferendis voluptates dolor maxime placeat voluptatibus. Labore inventore quia iure inventore deserunt.','1995-04-27 04:50:50'),(71,36,54,'Dolores qui sint blanditiis est voluptatem cupiditate. Quas corrupti explicabo laudantium. Autem qui minus totam minus vero cum. Provident vel labore est nesciunt iste. Ex reprehenderit sapiente deleniti.','2019-10-15 04:17:57'),(72,65,5,'Impedit dolorem quos commodi explicabo harum asperiores. Possimus mollitia ea aliquam facere consequatur molestias tenetur sit. Nihil magni aliquid at fuga ea quia quidem.','1984-05-12 21:15:06'),(73,55,87,'Consequuntur fugit temporibus quos. Suscipit est voluptatibus sed.','1990-12-19 01:15:51'),(74,33,93,'Qui qui est et expedita dolorum dolores consectetur et. Similique sint reprehenderit tempora. Enim sint et sunt reprehenderit blanditiis amet facilis.','2021-03-19 07:24:04'),(75,73,1,'Delectus et sit enim in adipisci est sed. Rerum quo quaerat molestias adipisci consequatur. Amet numquam blanditiis modi soluta placeat iure illo. Doloremque cumque eos sunt eos id corporis eligendi sint.','1996-05-02 16:49:48'),(76,53,8,'Ut similique atque ipsum est animi. Sunt consectetur similique et dolore omnis eius sed. Ab ipsam commodi itaque odio corporis autem adipisci repudiandae. Quae eum fugit quia nulla.','1991-09-02 17:47:41'),(77,31,63,'Alias earum autem qui repellendus tempora magni. Voluptatibus sed impedit eos autem. Accusantium ut totam omnis. Quis dolores modi placeat est non. Nisi natus exercitationem nostrum quaerat ex est illum.','2011-01-22 22:16:16'),(78,46,44,'Esse vel omnis velit et error qui quo distinctio. Beatae autem voluptatibus sed deleniti adipisci. Earum voluptatum velit illo aut enim sit cupiditate.','1978-01-10 17:42:10'),(79,67,68,'Minima repellendus adipisci voluptatem est tenetur repellendus quam. Rem ullam nam possimus optio consequuntur eos.','1984-03-31 01:54:25'),(80,63,79,'Et aut consequuntur et. Eaque quisquam et suscipit error repellat. Eligendi veniam excepturi animi dolorem aut omnis.','1970-07-07 22:32:46'),(81,76,92,'Ut voluptates unde dignissimos enim. Eveniet sequi sed et sit facilis fugit qui voluptatibus. Doloribus a blanditiis delectus quia ut eaque.','1983-01-12 01:19:05'),(82,36,84,'Fugiat rerum blanditiis temporibus ullam eum reprehenderit. Dignissimos magnam ipsa non minus. Perspiciatis ut sint doloremque et modi.','1977-03-28 00:22:13'),(83,72,72,'Rerum repellat libero dolorem dolorum ut a. Quam nulla rem est odit fuga voluptatem minima. Velit voluptates inventore autem animi qui. Unde cum veritatis vero. Sit officiis numquam vel voluptatem.','1975-12-21 03:17:57'),(84,59,92,'Asperiores qui dolor porro. Facilis dolores perferendis culpa nihil. Beatae accusamus architecto architecto magnam. Similique omnis blanditiis et ducimus aut dolorem aut.','1976-07-19 12:55:53'),(85,47,7,'Doloremque magnam vitae molestias voluptatibus unde odit. Omnis qui aliquam ut est. Quisquam et commodi sunt est aut quia. Nulla at asperiores aliquid id.','1981-06-21 08:22:12'),(86,80,83,'Et perferendis veniam quam pariatur voluptatum ut. Facere quaerat tempora ut accusamus autem illo velit. Dolore facilis a aut quo.','1976-11-27 06:59:16'),(87,61,44,'Similique minus eos optio voluptatibus mollitia autem. Minus dicta nihil recusandae tenetur modi est velit. Ad delectus sequi est voluptas. Aperiam qui sit quo alias laboriosam aut.','1987-09-07 12:05:28'),(88,87,15,'In et et quo ea fuga necessitatibus minima veritatis. Sint molestiae aut in officia consequuntur maiores in exercitationem. Qui dolorem dolores nostrum eius veritatis fuga et.','2000-06-21 06:34:18'),(89,31,19,'Dolores illum est et laboriosam. Velit et expedita ut et. Magnam unde voluptatem eos commodi magnam consequuntur vel. Corporis occaecati doloribus voluptatem non nisi qui quia.','1996-01-12 06:07:42'),(90,8,4,'Quis odio alias omnis in dolores sit. Deserunt quis doloremque ea.','2013-04-12 09:44:29'),(91,20,60,'Laudantium at est et amet ullam reprehenderit. Aliquam vitae sed odio totam qui vitae perspiciatis. Sed enim deserunt et optio similique fugiat culpa. Voluptas debitis nesciunt autem ea.','1979-03-15 02:40:14'),(92,12,51,'Qui quibusdam dolore laudantium voluptatem. Unde dolor laboriosam harum enim eos qui. Molestiae consequatur aut rerum. Omnis sint voluptatum non. Et consequuntur ratione illum praesentium nihil in similique.','1995-06-23 13:23:08'),(93,23,57,'Aliquid et voluptas laboriosam vitae qui sunt. Temporibus quis aut laudantium. Porro possimus eum tenetur quis. Quod nam facilis dignissimos mollitia corporis vel. Omnis exercitationem et iusto sit nulla commodi culpa vero.','2006-12-30 01:01:19'),(94,95,89,'Explicabo saepe aperiam error eos. Illo nobis nam aliquid molestias ad reiciendis. Minima incidunt id perspiciatis voluptatem hic explicabo.','2022-02-16 15:56:38'),(95,24,57,'A voluptatem porro a magni fuga. Veniam molestiae aut quo.','2000-09-19 11:49:11'),(96,68,100,'Provident nihil accusantium sunt doloremque quis doloribus. At laudantium voluptas enim. Sit occaecati blanditiis rerum distinctio ut. Dolorem quas quaerat rerum autem voluptas est.','2003-01-10 05:15:29'),(97,48,3,'Voluptas fuga earum quis omnis beatae. Expedita minus saepe temporibus et dolorem consequatur tempore. Iusto perspiciatis debitis cumque eaque fuga unde eaque.','1991-10-22 10:44:53'),(98,83,20,'Eos maiores ullam eligendi earum voluptas dignissimos dolorem sit. Non commodi in explicabo qui iusto. Non ut accusantium amet dolorem. Quis est quis alias porro rerum fuga omnis.','1977-12-09 18:23:21'),(99,74,42,'Sed eum nisi aut eaque quas quas. Maxime dolores voluptatem assumenda hic mollitia dignissimos. Rem magnam consectetur nobis voluptates.','1987-05-15 23:37:48'),(100,12,21,'Rem numquam ut quis molestiae modi excepturi asperiores. Praesentium quis autem reprehenderit tenetur porro et inventore. Voluptas tempora eaque molestiae voluptatibus.','1982-03-18 14:16:01');
/*!40000 ALTER TABLE `messages` ENABLE KEYS */;
UNLOCK TABLES;

--
-- Table structure for table `photo_albums`
--

DROP TABLE IF EXISTS `photo_albums`;
/*!40101 SET @saved_cs_client     = @@character_set_client */;
/*!40101 SET character_set_client = utf8 */;
CREATE TABLE `photo_albums` (
  `id` bigint(20) unsigned NOT NULL AUTO_INCREMENT,
  `name` varchar(255) COLLATE utf8mb4_unicode_ci DEFAULT NULL,
  `user_id` bigint(20) unsigned DEFAULT NULL,
  PRIMARY KEY (`id`),
  UNIQUE KEY `id` (`id`),
  KEY `user_id` (`user_id`),
  CONSTRAINT `photo_albums_ibfk_1` FOREIGN KEY (`user_id`) REFERENCES `users` (`id`)
) ENGINE=InnoDB AUTO_INCREMENT=101 DEFAULT CHARSET=utf8mb4 COLLATE=utf8mb4_unicode_ci;
/*!40101 SET character_set_client = @saved_cs_client */;

--
-- Dumping data for table `photo_albums`
--

LOCK TABLES `photo_albums` WRITE;
/*!40000 ALTER TABLE `photo_albums` DISABLE KEYS */;
INSERT INTO `photo_albums` VALUES (1,'sunt',52),(2,'voluptates',100),(3,'numquam',99),(4,'cum',86),(5,'et',73),(6,'dolorem',87),(7,'est',85),(8,'voluptatibus',4),(9,'minus',69),(10,'deleniti',80),(11,'sint',13),(12,'quas',69),(13,'error',59),(14,'ab',25),(15,'provident',13),(16,'necessitatibus',86),(17,'est',57),(18,'voluptate',70),(19,'deleniti',24),(20,'voluptatem',92),(21,'consequatur',15),(22,'veniam',21),(23,'dolorem',88),(24,'velit',61),(25,'ut',33),(26,'animi',74),(27,'expedita',5),(28,'qui',40),(29,'rerum',46),(30,'amet',46),(31,'beatae',11),(32,'quia',98),(33,'ratione',46),(34,'facere',10),(35,'officia',83),(36,'autem',18),(37,'velit',96),(38,'provident',68),(39,'excepturi',21),(40,'voluptatem',64),(41,'et',47),(42,'et',34),(43,'quo',32),(44,'facilis',6),(45,'praesentium',59),(46,'consequatur',45),(47,'ut',91),(48,'officiis',15),(49,'fuga',14),(50,'iste',14),(51,'aliquid',7),(52,'atque',29),(53,'quasi',35),(54,'voluptas',95),(55,'sit',89),(56,'aut',67),(57,'ab',68),(58,'maiores',94),(59,'suscipit',7),(60,'saepe',14),(61,'vel',40),(62,'excepturi',18),(63,'quia',11),(64,'quia',85),(65,'eveniet',27),(66,'suscipit',94),(67,'ratione',3),(68,'quasi',22),(69,'aut',61),(70,'ea',24),(71,'nemo',86),(72,'incidunt',8),(73,'minus',58),(74,'ea',17),(75,'voluptatibus',13),(76,'recusandae',16),(77,'eveniet',62),(78,'totam',3),(79,'aut',31),(80,'maxime',75),(81,'iusto',17),(82,'itaque',38),(83,'culpa',3),(84,'porro',51),(85,'iusto',32),(86,'qui',92),(87,'debitis',17),(88,'odio',100),(89,'nam',86),(90,'sapiente',24),(91,'et',14),(92,'dolore',26),(93,'rerum',41),(94,'placeat',25),(95,'aut',11),(96,'nemo',67),(97,'iste',18),(98,'dolores',14),(99,'tenetur',89),(100,'hic',79);
/*!40000 ALTER TABLE `photo_albums` ENABLE KEYS */;
UNLOCK TABLES;

--
-- Table structure for table `photos`
--

DROP TABLE IF EXISTS `photos`;
/*!40101 SET @saved_cs_client     = @@character_set_client */;
/*!40101 SET character_set_client = utf8 */;
CREATE TABLE `photos` (
  `id` bigint(20) unsigned NOT NULL AUTO_INCREMENT,
  `album_id` bigint(20) unsigned DEFAULT NULL,
  `media_id` bigint(20) unsigned NOT NULL,
  UNIQUE KEY `id` (`id`),
  KEY `album_id` (`album_id`),
  KEY `media_id` (`media_id`),
  CONSTRAINT `photos_ibfk_1` FOREIGN KEY (`album_id`) REFERENCES `photo_albums` (`id`),
  CONSTRAINT `photos_ibfk_2` FOREIGN KEY (`media_id`) REFERENCES `media` (`id`)
) ENGINE=InnoDB AUTO_INCREMENT=101 DEFAULT CHARSET=utf8mb4 COLLATE=utf8mb4_unicode_ci;
/*!40101 SET character_set_client = @saved_cs_client */;

--
-- Dumping data for table `photos`
--

LOCK TABLES `photos` WRITE;
/*!40000 ALTER TABLE `photos` DISABLE KEYS */;
INSERT INTO `photos` VALUES (1,52,24),(2,45,55),(3,65,51),(4,4,5),(5,88,16),(6,37,95),(7,8,84),(8,81,2),(9,33,60),(10,13,40),(11,3,44),(12,25,15),(13,39,12),(14,60,94),(15,94,58),(16,86,45),(17,81,31),(18,99,45),(19,82,3),(20,50,69),(21,19,87),(22,64,27),(23,70,44),(24,28,3),(25,4,41),(26,42,7),(27,85,66),(28,21,23),(29,77,81),(30,16,70),(31,38,2),(32,15,19),(33,33,13),(34,63,14),(35,16,13),(36,83,34),(37,99,46),(38,60,68),(39,89,88),(40,71,93),(41,29,12),(42,99,13),(43,77,20),(44,35,54),(45,100,51),(46,23,38),(47,52,37),(48,56,84),(49,50,19),(50,98,65),(51,32,80),(52,99,31),(53,25,59),(54,99,14),(55,47,69),(56,7,75),(57,80,5),(58,87,56),(59,24,22),(60,9,24),(61,72,32),(62,62,23),(63,69,18),(64,7,19),(65,37,4),(66,84,68),(67,83,82),(68,98,8),(69,41,96),(70,22,87),(71,65,28),(72,61,44),(73,32,48),(74,100,56),(75,70,9),(76,80,41),(77,40,41),(78,64,9),(79,59,71),(80,27,95),(81,74,10),(82,62,57),(83,92,60),(84,65,32),(85,56,86),(86,19,20),(87,13,80),(88,63,45),(89,28,63),(90,1,97),(91,71,80),(92,38,11),(93,21,1),(94,19,79),(95,72,46),(96,73,46),(97,56,35),(98,3,47),(99,95,67),(100,79,50);
/*!40000 ALTER TABLE `photos` ENABLE KEYS */;
UNLOCK TABLES;

--
-- Table structure for table `profiles`
--

DROP TABLE IF EXISTS `profiles`;
/*!40101 SET @saved_cs_client     = @@character_set_client */;
/*!40101 SET character_set_client = utf8 */;
CREATE TABLE `profiles` (
  `user_id` bigint(20) unsigned NOT NULL,
  `gender` char(1) COLLATE utf8mb4_unicode_ci DEFAULT NULL,
  `birthday` date DEFAULT NULL,
  `photo_id` bigint(20) unsigned DEFAULT NULL,
  `created_at` datetime DEFAULT current_timestamp(),
  `hometown` varchar(100) COLLATE utf8mb4_unicode_ci DEFAULT NULL,
  UNIQUE KEY `user_id` (`user_id`),
  CONSTRAINT `fk_user_id` FOREIGN KEY (`user_id`) REFERENCES `users` (`id`) ON DELETE NO ACTION ON UPDATE CASCADE
) ENGINE=InnoDB DEFAULT CHARSET=utf8mb4 COLLATE=utf8mb4_unicode_ci;
/*!40101 SET character_set_client = @saved_cs_client */;

--
-- Dumping data for table `profiles`
--

LOCK TABLES `profiles` WRITE;
/*!40000 ALTER TABLE `profiles` DISABLE KEYS */;
INSERT INTO `profiles` VALUES (1,'m','1973-03-01',95,'2001-07-03 11:52:48','East Joanchester'),(3,'f','1988-11-19',29,'2020-06-16 08:49:46','New Patience'),(4,'f','1988-01-04',47,'2004-08-07 14:58:14','Jefferyton'),(6,'f','2005-07-08',40,'1996-09-26 08:49:06','Abernathyland'),(8,'f','2006-10-13',32,'2003-10-18 05:19:47','West Coltmouth'),(9,'f','1989-06-26',44,'2012-06-15 21:15:39','West Angelomouth'),(13,'m','2020-04-24',63,'1998-03-09 14:14:51','New Carmella'),(14,'f','2005-03-24',94,'1984-05-15 01:18:47','New Jerry'),(15,'f','2008-06-14',19,'2014-02-04 09:03:01','South Leoramouth'),(16,'m','1973-06-29',1,'1973-12-25 14:52:59','South Obieland'),(19,'m','1988-02-19',19,'1997-01-11 00:17:20','New Carmelafort'),(20,'m','1978-12-27',36,'2015-07-20 02:27:39','West Fosterside'),(21,'m','1978-01-06',6,'2022-07-18 09:41:48','Fannytown'),(22,'f','1973-12-24',84,'1985-11-20 10:56:26','Rettaview'),(24,'m','1983-11-02',73,'1990-07-07 15:40:59','Kshlerinside'),(25,'m','1998-03-12',23,'1970-04-24 12:36:16','New Dean'),(26,'m','2018-04-09',84,'1993-07-03 10:53:36','New Mateo'),(27,'f','2006-09-13',89,'1990-05-19 07:25:23','Lake Katheryn'),(29,'m','1980-04-10',88,'1987-09-07 13:32:46','Olliestad'),(30,'f','1970-07-24',43,'1971-10-30 15:38:48','Darianaburgh'),(31,'m','1996-01-12',36,'2016-02-24 01:32:56','New Lemuelburgh'),(32,'f','2017-08-15',51,'2011-07-19 15:42:06','Catherinefort'),(33,'m','2007-11-05',80,'1995-12-16 11:12:21','North Justenburgh'),(34,'m','1995-02-27',13,'1982-09-22 20:13:37','Grantland'),(35,'f','2009-12-15',19,'2008-11-19 09:44:01','Trishaview'),(36,'m','1986-04-03',39,'1996-01-07 13:41:36','South Monserratside'),(37,'m','1972-10-23',45,'1980-09-10 06:29:36','Nienowland'),(38,'f','2000-07-30',38,'2004-01-18 20:29:41','Jaunitaton'),(40,'f','1988-05-08',81,'2006-10-17 16:33:26','West Rhett'),(41,'f','1984-02-08',81,'1980-09-17 05:30:32','Cummingsfort'),(42,'m','1971-05-26',5,'2003-11-05 06:00:43','Sunnymouth'),(46,'m','1984-08-16',4,'1976-01-31 17:23:58','Port Lupestad'),(47,'m','2020-12-05',56,'2005-02-04 16:03:51','Riceland'),(49,'f','2020-01-09',89,'2019-04-05 22:15:13','Lake Lupeburgh'),(50,'f','1990-09-25',35,'1999-01-01 16:50:09','Dietrichbury'),(51,'f','1973-03-25',37,'2016-03-10 19:51:27','Johnnychester'),(54,'f','2009-05-19',63,'1987-05-07 17:52:52','Nicolasburgh'),(57,'f','2018-04-20',42,'1993-04-27 15:27:35','South Delfinastad'),(58,'f','1982-03-30',73,'2019-07-20 19:02:33','North Theodorahaven'),(59,'m','1996-10-18',88,'2006-12-30 04:16:32','Erinfurt'),(60,'m','1987-03-19',37,'2003-11-16 07:16:41','Haileeside'),(63,'m','2003-07-16',71,'2018-12-19 12:20:03','Enochbury'),(64,'f','2020-11-12',85,'2007-03-22 04:08:54','Port Justice'),(65,'f','1993-05-26',53,'2014-04-19 10:39:12','Fionaborough'),(66,'f','1977-06-29',63,'2002-09-30 02:49:38','Deonteland'),(68,'f','1973-02-18',53,'1994-09-25 13:54:30','Abbottside'),(69,'m','1985-09-25',35,'2000-03-01 20:53:55','South Francesca'),(72,'f','2003-05-25',50,'1976-08-20 02:27:57','West Savanna'),(73,'f','1971-05-23',36,'2016-03-12 12:34:54','Heathcotetown'),(76,'m','1982-05-20',58,'1988-03-22 17:29:49','Lake Thadborough'),(77,'m','2018-06-30',56,'1988-11-16 09:37:53','New Evelyn'),(81,'m','2021-11-04',5,'1984-01-23 19:08:49','Stiedemannland'),(82,'f','1993-04-08',46,'2016-11-23 04:25:06','Darrinhaven'),(83,'f','1990-09-08',96,'1976-04-23 22:52:45','Cruickshankfort'),(85,'m','2013-10-10',13,'1994-05-27 00:30:46','Merletown'),(86,'m','2004-10-25',4,'1989-08-17 01:23:08','Sylvanland'),(87,'m','1980-03-16',98,'2017-03-25 01:31:14','Shayneberg'),(88,'f','1991-09-18',86,'1985-06-22 11:45:54','Kautzerland'),(89,'m','2018-10-03',64,'1994-07-27 18:00:26','Auerborough'),(90,'f','2014-04-07',97,'1991-02-03 13:51:58','South Nella'),(91,'m','1987-09-14',46,'1985-03-31 05:36:19','South Valentinechester'),(96,'f','2009-11-02',51,'2006-08-31 04:22:26','South Jovan'),(98,'m','2017-01-16',16,'2002-01-07 22:29:45','North Branson'),(99,'m','1983-07-17',24,'2002-11-30 23:48:19','Bayleeton'),(100,'f','2022-04-17',75,'2022-04-21 08:32:09','Lake Jerroldburgh');
/*!40000 ALTER TABLE `profiles` ENABLE KEYS */;
UNLOCK TABLES;

--
-- Table structure for table `users`
--

DROP TABLE IF EXISTS `users`;
/*!40101 SET @saved_cs_client     = @@character_set_client */;
/*!40101 SET character_set_client = utf8 */;
CREATE TABLE `users` (
  `id` bigint(20) unsigned NOT NULL AUTO_INCREMENT,
  `firstname` varchar(100) COLLATE utf8mb4_unicode_ci DEFAULT NULL,
  `lastname` varchar(100) COLLATE utf8mb4_unicode_ci DEFAULT NULL,
  `email` varchar(120) COLLATE utf8mb4_unicode_ci DEFAULT NULL,
  `password_hash` varchar(100) COLLATE utf8mb4_unicode_ci DEFAULT NULL,
  `phone` bigint(20) unsigned DEFAULT NULL,
  `is_delited` bit(1) DEFAULT b'0',
  UNIQUE KEY `id` (`id`),
  UNIQUE KEY `email` (`email`),
  UNIQUE KEY `phone` (`phone`),
  KEY `users_lastname_firstname_idx` (`lastname`,`firstname`)
) ENGINE=InnoDB AUTO_INCREMENT=101 DEFAULT CHARSET=utf8mb4 COLLATE=utf8mb4_unicode_ci;
/*!40101 SET character_set_client = @saved_cs_client */;

--
-- Dumping data for table `users`
--

LOCK TABLES `users` WRITE;
/*!40000 ALTER TABLE `users` DISABLE KEYS */;
INSERT INTO `users` VALUES (1,'Carmela','Sawayn','zoey.weissnat@example.com','e2db99a2d51148ea2e3d0c48d6576df2ab9b7686',89371801739,'\0'),(2,'Kraig','Huels','patience83@example.org','444778447ae5cb099e024915602bcd039d309469',89524276519,''),(3,'Sarai','Powlowski','parker.kameron@example.net','a273bc61243cd288c032985d619d48c730c9a4e2',89610286924,'\0'),(4,'Josephine','Cummerata','bogisich.jillian@example.org','4e718d2b3312657cb8344c1b03445891f6f81086',89510932102,'\0'),(5,'Olin','Beer','katelin.keeling@example.org','f3d0a704b6c366ef5bfb6fe3c66c52fb5f824b76',89265896641,''),(6,'Mara','Gusikowski','graciela82@example.net','7358948e1b3dfebc769a7d5921fb4fd1b7ff8555',89015668908,''),(7,'Susana','Goodwin','stewart.blick@example.net','7ca9cc6f541565173b11d1e991b3e37fcd38ffca',89778591829,'\0'),(8,'Margret','Weimann','allan.olson@example.net','08d20b35c2f5a3a6ba47a8cd2c271e124f3354c5',89288163659,''),(9,'Dolly','Koepp','homenick.warren@example.net','22a5d5b7ff6ea71f3006d34165f7c5114cb7ea51',89730922592,'\0'),(10,'Mattie','Hegmann','margie09@example.com','7f0be5735f2d8b4aba25b9816337f185e59c06e9',89683755589,'\0'),(11,'Walton','Wuckert','reba.friesen@example.org','b97d1f535ea6dfb0fa888fcca7d13f9a8d965501',89461738400,''),(12,'Abagail','DuBuque','keeling.ubaldo@example.net','d5198d52f45275e5a59d49f781ac0726d48feb1a',89572155329,'\0'),(13,'Jerel','Schimmel','russel.evans@example.com','721935a3286d4dcf02fba157b21179b05826930a',89454557498,''),(14,'Giovanni','King','trogahn@example.org','e1b1273381ca56e74fa38e58892f1b81dbb9191d',89849669593,'\0'),(15,'Makenna','Mante','alford55@example.org','d1531c4e28cc1a69712c7c5c70032d3674aae6ea',89901850907,'\0'),(16,'Trycia','Nader','zemlak.amos@example.org','a6f7f285828f7339b35ac46500dd476bc21aaccc',89423569125,'\0'),(17,'Gerda','Hessel','igrady@example.com','c680b8fa9850f7b06f4567e326596bc86892453f',89245699614,'\0'),(18,'Buck','Sawayn','rocio27@example.com','b093ef936a39f3937202b2a715d0ee20b6a354f1',89122206008,'\0'),(19,'Dorothea','Friesen','douglas.augustus@example.net','565275660095f14a82ccbd116418ca18ca0c326b',89103844691,'\0'),(20,'Joy','Cronin','yokuneva@example.org','d7c6691de9f1e8b837c48e0dd4a116feb2551dc1',89206217531,''),(21,'Ernesto','McClure','andre70@example.org','f370c561af96db8ea5782da99a3684561849e91e',89538976371,'\0'),(22,'Laurianne','Rohan','palma.hermann@example.net','1fa9d7c51e341bcd56d19ee3e31cbcbdd3b86761',89083194703,''),(23,'Mason','Johnston','breanna.kris@example.com','e7558b8f04db5386ae72a4947015c6576cef84a2',89118318359,'\0'),(24,'Rashad','Witting','darion06@example.org','f3d9390540a3052141929966839396adb38ba952',89591432831,'\0'),(25,'Immanuel','Kunze','cleve39@example.org','293aa1460ca87942b745b482782a819d44d98966',89553621075,'\0'),(26,'London','Hauck','sprice@example.org','bcfdf4b4023c8e18403e5e8abad1c9a52b3066ff',89849064529,'\0'),(27,'Junior','O\'Hara','xavier05@example.net','11689bea2fb63689c3e5cb9d3163cc3600892893',89043664394,'\0'),(28,'Bradley','Bailey','zdouglas@example.org','d0ed9e579c7f767d716e8f0074f702c8c203b49b',89318596491,''),(29,'Mable','Kautzer','brenden.sporer@example.com','9853e1884b337747d11fc30a3e4d93573c4d542c',89019119528,'\0'),(30,'Marie','Gutmann','ben.armstrong@example.com','74384b9f71a84084fff5b28c7e60767abd0900f0',89218711308,'\0'),(31,'Gavin','Baumbach','judge99@example.net','d4437bad8647629ffc4ed5c542c0bd4ae3cf5c20',89266096862,''),(32,'Margarete','Boyle','reichert.albert@example.org','b9b8fb9279f352a52d73fd4d2ccd3ce85acca275',89588880589,'\0'),(33,'Sid','Barrows','rose15@example.com','9a55eefa96ef4756f3a96f7bf8ec3ab9794b06d7',89207997637,''),(34,'Jeffery','Lesch','george.hintz@example.com','e12e27e1b67cb9c19bbc4094e5d8d42cc7e70aef',89546658482,'\0'),(35,'Deven','Goyette','jmoore@example.net','f7439293c6d536cc8939cf5869d6b9d24b38001a',89148690222,'\0'),(36,'Barry','Pacocha','homenick.estella@example.net','2066624f708e1e55453821e41ff3b99b220664c6',89253106768,''),(37,'Emilie','Baumbach','bkris@example.net','cf9be2eb1f6fe0ef7aeb5c76640a7f7abadb3308',89546715175,'\0'),(38,'Wallace','Mayert','fschowalter@example.com','a4f7b2ae3a19960fdee70a16a6f598e1fc8a3129',89651805212,''),(39,'Nick','Vandervort','rath.birdie@example.org','ce576a84f40d47c9eaa20839e0147e6478ad4a12',89124294775,''),(40,'Bailey','O\'Kon','hope.kutch@example.net','1bcdb037c75daf7561e10f46df3137b8a9b60b7e',89524839926,'\0'),(41,'Katrine','Jerde','bartoletti.jayda@example.com','32b2230f5173a83cb37df6773c48948937d53525',89859939480,''),(42,'Tyler','Hermann','friesen.callie@example.net','a6e87ddacd857db340f5e31cbb549e156061ea1a',89075514295,''),(43,'Lillian','Davis','domenic41@example.net','a526069a3d5d604f2bc02691d74a8a5feca5eb19',89325395878,'\0'),(44,'Kiana','Reilly','cweimann@example.net','159e2c9769133299c17128ddc5532d355755d83a',89313813239,'\0'),(45,'Vergie','Sawayn','cierra81@example.com','4e62dab794c4c6b7e85abdc9613c7a7180762da5',89740678571,'\0'),(46,'Irma','Brakus','harvey.walsh@example.org','9c1e267bc18ec6bca679b73685866ae6550e6ec4',89134906707,'\0'),(47,'Ethyl','Goyette','wisoky.jamison@example.net','1ed07bed6fcc2415e61c81d2504f74afd66697bf',89416587499,'\0'),(48,'Laila','Donnelly','qglover@example.org','440cb9638f7288d72e73096f602f6c808ebee0bf',89297779657,''),(49,'Celestine','Bins','sunny32@example.org','f51ad5af33d094f1a08b3335321b235d284f3b44',89738235896,'\0'),(50,'Justine','Huel','ubogisich@example.org','eee12abf981ce31ada322c9b02fe40638ddde981',89899880696,''),(51,'Lisandro','Volkman','d\'amore.gerald@example.com','3dcd0f9b918ccfb7aec9e4e4d647e66b49638c74',89413932830,'\0'),(52,'Margarita','Rosenbaum','nathanael.boehm@example.net','c3274c797d7063ac5b2169b4d5e42e77dd5ed972',89334922500,'\0'),(53,'Otho','Bailey','nakia28@example.org','17a1829aab86d8cdd409e8adca6337ad59528f82',89216377387,'\0'),(54,'Neva','Purdy','qcartwright@example.org','df989188044e86a270cadd603a136dc4f59ec847',89816717592,''),(55,'Godfrey','Mante','americo24@example.net','d6a221e2852c0ff86556ad075799d4cf6df99e57',89264619032,'\0'),(56,'Ethelyn','Wehner','dorthy92@example.com','9a89ded2fd39dc5884a66d5748d44f27170f0216',89508699593,'\0'),(57,'Kathleen','Wilkinson','claude.dooley@example.org','c2414a1d9c62b4f42c4624ac32bae49be4bcca40',89784645488,''),(58,'Jermey','Huels','bbayer@example.net','dce9e932a434d4c998d3c40a574a9a8fd561136d',89100875204,''),(59,'Ethan','Bartell','pbotsford@example.com','9c6e6e26e7d701dadb11b763b0ab560f031ea1b3',89848313238,''),(60,'Ruth','Brown','xo\'keefe@example.net','9a9fc67127f2f8bc54909681be0c9dfed16f5532',89524243739,'\0'),(61,'Clara','Herman','estreich@example.net','539e5e3212b96697ed679beb68057ee5ae221375',89829653065,''),(62,'Taryn','Grant','unikolaus@example.org','e513aedab7a8efd19ac441fbec408b92a5de677c',89083474434,''),(63,'Shaina','Hilll','jaydon.denesik@example.org','03c60812c5bbb228a6de2e15d75d2eb51e760e07',89312006526,'\0'),(64,'Lila','O\'Reilly','jwest@example.net','384233f0eee116be104527b627a74bd0850b7da6',89665960934,''),(65,'Elisa','Parisian','anderson.emmy@example.org','43df8247a1ea266dd12561044cf1b223c9c4a024',89255305260,''),(66,'Lauryn','Thompson','gutkowski.branson@example.org','91913e9cbe23455c16d18de1f9833f94252036b3',89040797967,'\0'),(67,'Eugene','McKenzie','mario83@example.org','8c37baa447bc93bb815643ba32c16f07e325fea1',89728126427,''),(68,'Modesta','Braun','considine.gladyce@example.net','bdb44a8765b371f46539267bfdfc4811c55a5921',89383300491,'\0'),(69,'Michelle','Hickle','langosh.lacey@example.org','bdaf45d48cc7da2f1d1195b2e3694cfc9da5f74f',89699732743,''),(70,'Daniela','Bernhard','hammes.beth@example.net','eb970f3164b566b716139583f55c07c5b17e3dcc',89755818270,'\0'),(71,'Ernie','Gerhold','elwyn.jenkins@example.net','fd5b34d4b081f8f57f4d9dd5396d96d98cc4857d',89655028433,''),(72,'Jeanette','Stracke','kailyn.mante@example.net','755a09e5b4c6ab6bd5b09532cfa7f022fbc02aab',89087183308,''),(73,'Waino','Fisher','cfeeney@example.org','348c01bb926cfe82ba5ebaf646b7b15e9461978c',89889254658,'\0'),(74,'Anissa','Labadie','hoeger.selmer@example.org','fd4c1af78fc77b124ccd50ad30f3c6dff5e2dea0',89445198598,'\0'),(75,'Summer','Stiedemann','eveline89@example.com','4b66dbb117ed6880fc57795e705dd54fe043f4a4',89274843922,'\0'),(76,'Kianna','O\'Hara','waters.victoria@example.com','f9658cf958dc42aaa6a3a58024fd3c6d32f2cd2e',89709061831,''),(77,'Elmira','Altenwerth','ihane@example.com','c80a2b3f0e0b09f036ca7ba2e583a9a0e7f4731d',89407821925,'\0'),(78,'Kelton','Larkin','geovanni09@example.org','06d461c0747ff34237438b2ed4c2fbe0ba66c740',89103012873,''),(79,'Elva','Gislason','liam33@example.net','1e1b4f9b4dc0fe285db628e43fd0ed8f680d03c6',89217497379,'\0'),(80,'Heath','Gleason','elmira.nicolas@example.com','6295fce1f137bf151b1129a9555c0fb53753767e',89246993214,''),(81,'Leanna','Stracke','frieda34@example.org','0a6cef9854592ea1006ff3dccbd185f7d2765811',89208218319,''),(82,'Anastasia','Weimann','considine.kaden@example.com','2ba8e6916c222228c1f31195fdff43f7ad7bcab4',89096786898,''),(83,'Wilmer','Krajcik','emard.frieda@example.org','d00d3f26c952aa12275dfc34e09311ed0a878b5c',89442390920,'\0'),(84,'Delta','King','toney27@example.org','90c884275b33256337ae10b379646978e549a39f',89470713107,''),(85,'Carley','Sipes','alison09@example.net','07346342797fa89eb17f521d9dc3969658090537',89158356152,'\0'),(86,'Damon','Stark','ebert.rosalind@example.com','cd161f41decdde8caf54dc7c8ec2f15295ba9c09',89874934575,'\0'),(87,'Lulu','Bergnaum','bernier.bernita@example.net','39556f76a2326f1d524de6a4c4fef747bad5754b',89825271284,'\0'),(88,'Jedidiah','Gibson','kailey.maggio@example.com','ffed4bd1b013c454afa886682a9eb5a4bf1d215a',89612774356,''),(89,'Ariane','Ferry','alfonso94@example.com','a1906b9753c9d0bef1d6b8b7c1a120eb8dfbaa3d',89901511522,''),(90,'Fredrick','Walter','karine.weber@example.com','f81ad3e889caacc53b181635bd6790d8fdd01af2',89641256603,'\0'),(91,'Nola','Roberts','zachariah76@example.org','919fd10703552eb471564cb43188a6bc1b18d120',89532295829,''),(92,'Jalon','Emmerich','bharber@example.com','b49643e59a70599496fe7c55a33cdd37485ccdbb',89312638467,'\0'),(93,'Viva','Ledner','keeling.dereck@example.com','8f9138678189bb9a1a829306ffe1874fae0ad67e',89611090715,'\0'),(94,'Rubie','Towne','gennaro17@example.net','3d8942dccd66ad6e1537bc5bb69ba925dcd23785',89623020156,''),(95,'Eleanora','Mayert','stracke.erling@example.com','2133451524b0bea84d330af28da697472cf8c5bc',89270734697,''),(96,'Robin','Littel','brendon35@example.net','65e76a97d848390cbf1d90cb6793305f74e04014',89548437661,'\0'),(97,'Joseph','Kuhn','murazik.genesis@example.com','6c4e8321024138bbe267cd85ddd54837eed29e5c',89775110445,'\0'),(98,'Darryl','Schaden','shanahan.jeramy@example.org','ed019eb3a99f93bdc8b74f8d93b8b167b821dec0',89628553880,''),(99,'Kamren','Davis','nprosacco@example.com','60f083a78596b1e8635aad8c47c2f3380090df61',89459224487,'\0'),(100,'Meagan','Bailey','schaden.lucile@example.net','534d107d6fef6ca85e6ef4a289a5a882ec3d4efb',89618695313,'\0');
/*!40000 ALTER TABLE `users` ENABLE KEYS */;
UNLOCK TABLES;

--
-- Table structure for table `users_communities`
--

DROP TABLE IF EXISTS `users_communities`;
/*!40101 SET @saved_cs_client     = @@character_set_client */;
/*!40101 SET character_set_client = utf8 */;
CREATE TABLE `users_communities` (
  `user_id` bigint(20) unsigned NOT NULL,
  `community_id` bigint(20) unsigned NOT NULL,
  PRIMARY KEY (`user_id`,`community_id`),
  KEY `community_id` (`community_id`),
  CONSTRAINT `users_communities_ibfk_1` FOREIGN KEY (`user_id`) REFERENCES `users` (`id`),
  CONSTRAINT `users_communities_ibfk_2` FOREIGN KEY (`community_id`) REFERENCES `communities` (`id`)
) ENGINE=InnoDB DEFAULT CHARSET=utf8mb4 COLLATE=utf8mb4_unicode_ci;
/*!40101 SET character_set_client = @saved_cs_client */;

--
-- Dumping data for table `users_communities`
--

LOCK TABLES `users_communities` WRITE;
/*!40000 ALTER TABLE `users_communities` DISABLE KEYS */;
INSERT INTO `users_communities` VALUES (1,99),(2,23),(2,48),(3,24),(3,95),(4,41),(6,28),(6,46),(6,66),(6,74),(7,43),(7,49),(7,70),(8,30),(8,93),(12,95),(12,100),(13,32),(14,35),(15,55),(17,17),(18,57),(18,91),(20,24),(20,78),(22,88),(23,65),(25,6),(25,42),(27,52),(29,100),(30,92),(31,64),(31,86),(34,22),(34,61),(35,93),(36,7),(37,48),(37,76),(38,69),(38,70),(40,77),(41,12),(41,37),(42,17),(45,1),(46,1),(47,86),(47,90),(50,69),(50,73),(52,46),(52,85),(55,37),(55,60),(55,69),(55,79),(55,82),(59,51),(60,32),(60,41),(64,11),(64,20),(65,2),(65,6),(68,37),(68,87),(70,16),(70,33),(71,56),(73,48),(75,74),(78,2),(78,67),(79,5),(79,69),(80,12),(80,16),(82,75),(82,82),(83,83),(84,26),(85,60),(86,5),(86,76),(88,45),(91,1),(91,72),(94,50),(95,2),(95,53),(95,67),(96,94),(97,31),(98,45),(98,93),(99,34),(100,26);
/*!40000 ALTER TABLE `users_communities` ENABLE KEYS */;
UNLOCK TABLES;
/*!40103 SET TIME_ZONE=@OLD_TIME_ZONE */;

/*!40101 SET SQL_MODE=@OLD_SQL_MODE */;
/*!40014 SET FOREIGN_KEY_CHECKS=@OLD_FOREIGN_KEY_CHECKS */;
/*!40014 SET UNIQUE_CHECKS=@OLD_UNIQUE_CHECKS */;
/*!40101 SET CHARACTER_SET_CLIENT=@OLD_CHARACTER_SET_CLIENT */;
/*!40101 SET CHARACTER_SET_RESULTS=@OLD_CHARACTER_SET_RESULTS */;
/*!40101 SET COLLATION_CONNECTION=@OLD_COLLATION_CONNECTION */;
/*!40111 SET SQL_NOTES=@OLD_SQL_NOTES */;

-- Dump completed on 2022-09-20  9:57:19
