-- MariaDB dump 10.19  Distrib 10.5.12-MariaDB, for Linux (x86_64)
--
-- Host: mysql.hostinger.ro    Database: u574849695_17
-- ------------------------------------------------------
-- Server version	10.5.12-MariaDB-cll-lve

/*!40101 SET @OLD_CHARACTER_SET_CLIENT=@@CHARACTER_SET_CLIENT */;
/*!40101 SET @OLD_CHARACTER_SET_RESULTS=@@CHARACTER_SET_RESULTS */;
/*!40101 SET @OLD_COLLATION_CONNECTION=@@COLLATION_CONNECTION */;
/*!40101 SET NAMES utf8mb4 */;
/*!40103 SET @OLD_TIME_ZONE=@@TIME_ZONE */;
/*!40103 SET TIME_ZONE='+00:00' */;
/*!40014 SET @OLD_UNIQUE_CHECKS=@@UNIQUE_CHECKS, UNIQUE_CHECKS=0 */;
/*!40014 SET @OLD_FOREIGN_KEY_CHECKS=@@FOREIGN_KEY_CHECKS, FOREIGN_KEY_CHECKS=0 */;
/*!40101 SET @OLD_SQL_MODE=@@SQL_MODE, SQL_MODE='NO_AUTO_VALUE_ON_ZERO' */;
/*!40111 SET @OLD_SQL_NOTES=@@SQL_NOTES, SQL_NOTES=0 */;

--
-- Table structure for table `communities`
--

DROP TABLE IF EXISTS `communities`;
/*!40101 SET @saved_cs_client     = @@character_set_client */;
/*!40101 SET character_set_client = utf8 */;
CREATE TABLE `communities` (
  `id` bigint(20) unsigned NOT NULL AUTO_INCREMENT,
  `name` varchar(150) COLLATE utf8mb4_unicode_ci DEFAULT NULL,
  `admin_user_id` bigint(20) unsigned NOT NULL,
  UNIQUE KEY `id` (`id`),
  KEY `communities_name_idx` (`name`),
  KEY `admin_user_id` (`admin_user_id`),
  CONSTRAINT `communities_ibfk_1` FOREIGN KEY (`admin_user_id`) REFERENCES `users` (`id`)
) ENGINE=InnoDB AUTO_INCREMENT=101 DEFAULT CHARSET=utf8mb4 COLLATE=utf8mb4_unicode_ci;
/*!40101 SET character_set_client = @saved_cs_client */;

--
-- Dumping data for table `communities`
--

LOCK TABLES `communities` WRITE;
/*!40000 ALTER TABLE `communities` DISABLE KEYS */;
INSERT INTO `communities` VALUES (1,'esse',43),(2,'accusamus',65),(3,'nostrum',38),(4,'dolorum',24),(5,'ab',67),(6,'odit',50),(7,'earum',31),(8,'quidem',76),(9,'reprehenderit',36),(10,'quis',8),(11,'qui',31),(12,'ut',38),(13,'ea',48),(14,'repellat',23),(15,'quis',56),(16,'possimus',93),(17,'voluptatum',2),(18,'recusandae',37),(19,'laborum',59),(20,'consequatur',43),(21,'odio',70),(22,'aliquid',74),(23,'quia',6),(24,'deserunt',41),(25,'dolor',73),(26,'consequatur',91),(27,'qui',49),(28,'voluptate',61),(29,'enim',21),(30,'consequuntur',100),(31,'distinctio',36),(32,'dolorem',64),(33,'ea',65),(34,'quaerat',74),(35,'omnis',88),(36,'cum',31),(37,'illum',23),(38,'atque',18),(39,'aspernatur',6),(40,'eum',58),(41,'fugit',25),(42,'cum',36),(43,'non',96),(44,'rerum',73),(45,'qui',58),(46,'nihil',52),(47,'commodi',65),(48,'est',60),(49,'veritatis',88),(50,'neque',24),(51,'explicabo',3),(52,'ipsa',57),(53,'rerum',98),(54,'aut',9),(55,'ipsum',98),(56,'sunt',70),(57,'eveniet',99),(58,'eaque',46),(59,'doloribus',31),(60,'veniam',19),(61,'aut',46),(62,'esse',66),(63,'ex',83),(64,'porro',11),(65,'dolor',39),(66,'ut',70),(67,'consequatur',41),(68,'ea',62),(69,'voluptatum',87),(70,'voluptas',46),(71,'itaque',19),(72,'delectus',12),(73,'iste',82),(74,'sit',15),(75,'minima',85),(76,'sed',40),(77,'debitis',66),(78,'ut',50),(79,'ipsam',100),(80,'dolores',54),(81,'delectus',74),(82,'aliquam',2),(83,'ut',10),(84,'ipsam',71),(85,'quos',10),(86,'aliquam',8),(87,'et',40),(88,'sit',9),(89,'tempore',54),(90,'quibusdam',70),(91,'a',28),(92,'rerum',100),(93,'quas',36),(94,'eveniet',10),(95,'rerum',10),(96,'similique',75),(97,'beatae',80),(98,'quo',50),(99,'ut',36),(100,'qui',67);
/*!40000 ALTER TABLE `communities` ENABLE KEYS */;
UNLOCK TABLES;

--
-- Table structure for table `friend_requests`
--

DROP TABLE IF EXISTS `friend_requests`;
/*!40101 SET @saved_cs_client     = @@character_set_client */;
/*!40101 SET character_set_client = utf8 */;
CREATE TABLE `friend_requests` (
  `initiator_user_id` bigint(20) unsigned NOT NULL,
  `target_user_id` bigint(20) unsigned NOT NULL,
  `status` enum('requested','approved','declined','unfriended') COLLATE utf8mb4_unicode_ci DEFAULT NULL,
  `requested_at` datetime DEFAULT current_timestamp(),
  `updated_at` datetime DEFAULT NULL ON UPDATE current_timestamp(),
  PRIMARY KEY (`initiator_user_id`,`target_user_id`),
  KEY `target_user_id` (`target_user_id`),
  CONSTRAINT `friend_requests_ibfk_1` FOREIGN KEY (`initiator_user_id`) REFERENCES `users` (`id`),
  CONSTRAINT `friend_requests_ibfk_2` FOREIGN KEY (`target_user_id`) REFERENCES `users` (`id`)
) ENGINE=InnoDB DEFAULT CHARSET=utf8mb4 COLLATE=utf8mb4_unicode_ci;
/*!40101 SET character_set_client = @saved_cs_client */;

--
-- Dumping data for table `friend_requests`
--

LOCK TABLES `friend_requests` WRITE;
/*!40000 ALTER TABLE `friend_requests` DISABLE KEYS */;
INSERT INTO `friend_requests` VALUES (1,67,'approved','1989-03-17 14:25:44','1997-06-23 19:31:18'),(2,77,'unfriended','1972-11-05 13:22:56','2011-07-25 18:24:15'),(4,11,'declined','1987-03-27 21:48:15','2002-02-23 06:33:26'),(5,17,'declined','1980-07-07 10:42:11','2016-11-11 09:02:13'),(5,27,'unfriended','2005-01-02 20:02:58','2010-05-20 18:08:19'),(8,40,'requested','2007-08-25 13:53:00','1970-01-15 01:33:29'),(9,13,'requested','1985-06-25 14:00:41','2012-11-07 12:31:32'),(12,6,'requested','1975-04-02 16:42:00','1971-06-12 02:31:53'),(12,72,'approved','1973-05-18 18:23:49','2022-06-29 01:27:16'),(15,88,'declined','1989-10-12 14:36:16','1979-09-06 01:04:14'),(17,66,'requested','1989-10-17 21:25:01','2014-08-19 00:35:16'),(20,38,'approved','1994-01-10 18:26:06','1984-05-03 02:16:53'),(20,61,'requested','2008-04-07 14:21:50','1984-10-13 15:40:24'),(22,45,'requested','2007-09-07 09:20:58','1998-09-13 11:39:10'),(24,43,'declined','1977-06-15 08:24:08','2006-06-19 06:12:13'),(24,54,'approved','1999-02-27 16:24:52','1981-01-17 14:49:23'),(24,61,'unfriended','2012-06-02 01:47:20','2015-02-13 18:18:19'),(27,24,'declined','2011-04-18 03:01:18','2004-06-23 15:56:32'),(28,14,'approved','2004-09-08 02:26:42','2007-11-02 16:41:32'),(28,60,'unfriended','2022-05-14 13:32:48','1974-04-23 07:21:03'),(28,65,'declined','2008-08-30 17:01:24','2006-12-24 10:51:39'),(28,69,'requested','2003-08-21 20:46:22','2013-08-31 05:00:48'),(29,6,'declined','1978-08-31 21:18:46','1990-08-26 16:21:20'),(29,59,'declined','1988-09-27 21:53:07','2005-08-28 04:48:14'),(29,81,'declined','2014-08-13 08:01:26','1994-04-09 04:50:12'),(29,88,'declined','1981-12-20 10:57:40','1970-05-16 14:47:07'),(30,53,'unfriended','1977-08-20 07:44:59','2013-05-22 02:52:06'),(30,90,'declined','2021-10-22 12:17:55','1971-06-03 02:18:31'),(32,64,'approved','2019-12-02 09:12:57','1997-03-26 02:37:43'),(32,71,'approved','1985-09-18 22:11:47','1997-06-17 01:38:36'),(34,28,'unfriended','2018-04-15 20:27:44','1979-12-11 22:24:20'),(35,13,'requested','2003-11-01 12:33:22','2022-08-27 16:55:29'),(35,28,'approved','1971-09-20 10:19:39','1980-09-14 06:46:50'),(35,65,'declined','1981-12-19 11:39:57','2002-05-05 21:45:52'),(36,95,'requested','2020-04-15 14:22:16','1971-09-12 17:44:11'),(37,58,'requested','2001-01-28 06:20:25','1975-02-26 17:07:27'),(38,10,'requested','2014-04-09 15:56:03','1972-04-18 18:02:31'),(38,20,'approved','1981-03-20 22:39:53','1993-10-28 21:57:40'),(38,29,'unfriended','1996-02-04 08:55:37','1991-04-27 22:59:09'),(39,88,'declined','1999-07-11 01:27:14','2021-04-10 07:15:11'),(42,54,'requested','1982-05-22 11:08:04','2019-08-01 00:25:15'),(43,13,'approved','2005-11-01 22:30:28','1997-07-14 07:05:08'),(46,39,'approved','2008-05-29 12:18:14','1977-11-20 08:09:35'),(47,98,'declined','1987-07-02 05:03:19','1978-06-05 10:02:12'),(48,36,'declined','1975-04-14 00:19:05','2005-09-26 03:51:45'),(48,68,'declined','1974-04-22 08:17:04','2007-11-13 20:03:51'),(51,5,'declined','1990-10-13 21:50:00','1991-06-01 11:19:33'),(51,10,'declined','1981-11-04 00:24:57','2018-11-04 09:15:16'),(52,77,'requested','2000-05-10 14:03:16','1988-02-02 13:19:34'),(52,96,'declined','1988-04-13 09:17:54','1997-09-08 23:08:10'),(53,26,'approved','1974-01-03 04:22:53','1990-05-15 06:43:43'),(56,67,'declined','1998-11-14 20:22:48','2020-07-09 07:43:24'),(56,89,'requested','1988-08-25 04:52:55','1997-03-10 05:53:15'),(58,53,'approved','1973-04-16 12:11:13','1979-07-31 09:03:53'),(60,19,'requested','1989-10-27 13:22:49','2008-10-21 16:09:54'),(61,75,'approved','1979-06-06 01:59:52','2004-11-25 17:00:40'),(62,2,'declined','1977-07-09 18:07:36','2002-12-17 01:32:53'),(64,66,'declined','1972-01-29 19:41:44','1988-05-24 15:40:36'),(64,87,'declined','2017-11-29 22:28:12','1997-06-06 20:50:20'),(66,56,'requested','2010-04-20 14:45:26','1973-02-01 19:44:04'),(67,30,'approved','2004-01-29 19:35:21','1996-01-11 17:09:53'),(67,54,'approved','1979-12-08 06:57:36','2010-11-17 18:22:17'),(70,10,'requested','2011-10-15 10:40:24','1986-04-08 08:39:25'),(70,28,'requested','2020-09-03 19:52:44','1981-04-15 02:54:46'),(70,55,'unfriended','2002-10-30 14:41:48','1988-05-25 23:12:02'),(71,70,'unfriended','1993-09-16 07:37:13','2020-12-19 05:23:25'),(72,65,'unfriended','1972-09-14 23:30:33','1977-08-14 10:20:32'),(73,74,'requested','2019-06-08 15:38:38','1978-07-09 04:59:10'),(74,65,'requested','1977-08-26 09:09:21','1980-08-21 12:50:14'),(74,73,'unfriended','1989-02-28 00:01:22','1970-06-02 09:40:36'),(75,15,'requested','1974-07-07 19:30:20','2020-07-03 23:08:16'),(76,24,'approved','1993-09-06 14:22:02','2018-02-03 08:24:03'),(77,37,'unfriended','2021-04-27 12:35:22','2008-10-30 16:28:24'),(79,12,'unfriended','1994-08-06 10:32:11','2018-02-04 02:18:14'),(79,22,'requested','1982-09-08 01:29:43','1989-09-20 18:47:57'),(79,35,'declined','1975-04-02 10:03:06','1999-02-03 21:35:14'),(80,97,'approved','2012-04-24 12:27:53','1973-12-28 20:24:35'),(81,3,'declined','1972-07-04 01:34:35','1994-06-11 11:14:27'),(83,31,'requested','1999-11-19 13:06:40','2001-12-18 22:40:58'),(84,1,'declined','2005-09-25 20:23:20','2013-04-24 18:49:01'),(84,65,'declined','1975-01-21 02:44:50','2012-06-12 20:54:53'),(84,87,'requested','2015-05-11 19:13:53','2006-08-22 16:08:48'),(84,90,'unfriended','2007-07-26 09:22:00','2004-10-29 19:05:13'),(88,8,'approved','2013-06-24 08:33:09','1985-07-22 08:39:45'),(89,4,'approved','2008-02-02 03:38:15','2014-03-15 06:09:59'),(89,87,'declined','2017-03-14 11:59:32','1993-08-09 14:49:30'),(90,98,'requested','2018-04-03 19:28:36','2015-10-04 23:49:03'),(91,54,'approved','2022-07-21 09:54:58','1986-01-22 06:02:18'),(92,24,'unfriended','1981-04-27 15:12:20','2006-08-29 05:13:11'),(92,64,'approved','1988-01-18 10:19:20','1974-10-10 08:54:14'),(93,64,'declined','1985-05-24 10:36:58','1994-02-22 12:57:37'),(93,66,'declined','2005-12-15 11:40:42','2008-01-23 15:28:15'),(93,83,'declined','1973-11-04 10:11:03','2018-12-12 14:01:49'),(95,46,'declined','1988-02-05 11:40:02','1991-06-12 15:40:28'),(95,53,'unfriended','1979-08-13 13:50:20','1993-04-09 19:09:15'),(96,68,'unfriended','1999-09-28 14:47:47','2007-10-06 11:32:03'),(99,6,'approved','2021-12-21 10:39:05','1990-10-13 16:22:37'),(99,31,'declined','2013-10-03 17:10:48','1984-10-12 13:14:43'),(100,41,'requested','1981-01-02 10:59:18','1986-12-10 14:18:55');
/*!40000 ALTER TABLE `friend_requests` ENABLE KEYS */;
UNLOCK TABLES;

--
-- Table structure for table `likes`
--

DROP TABLE IF EXISTS `likes`;
/*!40101 SET @saved_cs_client     = @@character_set_client */;
/*!40101 SET character_set_client = utf8 */;
CREATE TABLE `likes` (
  `id` bigint(20) unsigned NOT NULL AUTO_INCREMENT,
  `user_id` bigint(20) unsigned NOT NULL,
  `media_id` bigint(20) unsigned NOT NULL,
  `created_at` datetime DEFAULT current_timestamp(),
  UNIQUE KEY `id` (`id`)
) ENGINE=InnoDB AUTO_INCREMENT=101 DEFAULT CHARSET=utf8mb4 COLLATE=utf8mb4_unicode_ci;
/*!40101 SET character_set_client = @saved_cs_client */;

--
-- Dumping data for table `likes`
--

LOCK TABLES `likes` WRITE;
/*!40000 ALTER TABLE `likes` DISABLE KEYS */;
INSERT INTO `likes` VALUES (1,53,6,'2012-11-21 09:52:07'),(2,59,46,'2019-12-05 23:22:28'),(3,89,29,'1980-04-30 04:05:38'),(4,74,36,'2010-08-10 11:29:45'),(5,26,66,'1970-12-01 19:53:08'),(6,100,90,'2003-05-22 22:33:25'),(7,31,36,'2002-01-19 18:05:34'),(8,84,60,'1971-08-06 17:40:43'),(9,42,89,'2021-06-26 07:10:15'),(10,87,53,'1997-09-21 00:16:44'),(11,60,43,'2008-05-08 10:56:54'),(12,41,68,'2010-03-02 22:29:42'),(13,82,30,'1971-09-25 08:00:43'),(14,55,33,'1988-09-12 02:42:17'),(15,6,49,'2011-01-19 00:42:15'),(16,86,59,'1972-09-12 18:44:26'),(17,55,44,'1971-07-19 07:11:37'),(18,4,44,'1990-11-21 22:09:42'),(19,73,77,'1993-08-23 12:14:00'),(20,79,99,'1972-01-22 09:15:57'),(21,43,78,'1972-05-22 12:50:58'),(22,88,73,'2015-08-16 19:04:56'),(23,14,71,'2017-07-15 22:01:43'),(24,33,55,'2019-06-01 01:48:24'),(25,60,19,'1972-11-30 07:27:10'),(26,8,19,'1974-08-31 13:58:10'),(27,61,49,'2020-04-07 20:33:42'),(28,87,42,'2010-05-03 09:35:55'),(29,78,41,'1975-08-17 03:19:27'),(30,75,84,'2005-08-20 08:18:28'),(31,90,60,'1990-01-06 04:11:52'),(32,42,45,'2004-03-15 13:07:36'),(33,4,45,'2016-08-16 03:00:30'),(34,88,76,'2006-05-16 03:14:04'),(35,22,66,'1980-04-01 06:52:14'),(36,74,64,'1982-02-06 07:52:08'),(37,44,61,'1982-07-22 03:24:14'),(38,37,57,'1978-04-21 12:17:04'),(39,32,69,'1999-05-19 13:40:49'),(40,12,91,'1974-02-28 19:24:59'),(41,88,19,'2001-03-11 10:22:23'),(42,10,48,'1996-07-05 21:33:15'),(43,67,96,'1987-11-13 19:36:02'),(44,90,44,'2004-01-04 02:02:32'),(45,37,64,'1971-04-21 17:20:29'),(46,27,27,'2018-10-17 23:03:29'),(47,24,69,'1993-01-12 11:03:50'),(48,71,27,'1987-01-13 06:24:30'),(49,14,58,'2015-11-10 08:08:02'),(50,2,35,'1981-10-11 14:09:58'),(51,24,76,'1981-01-07 05:57:53'),(52,99,67,'2005-05-11 17:11:10'),(53,36,36,'1996-03-26 11:25:11'),(54,24,68,'2017-05-17 14:36:10'),(55,5,36,'1975-08-29 13:28:47'),(56,59,92,'1976-02-06 11:46:07'),(57,54,69,'2017-02-17 04:01:05'),(58,40,20,'1992-08-19 14:27:21'),(59,64,29,'1975-01-20 10:44:51'),(60,64,1,'2019-08-03 13:29:05'),(61,93,91,'2007-02-25 08:07:25'),(62,27,16,'2016-09-10 15:10:07'),(63,60,98,'1972-07-29 11:23:24'),(64,42,73,'2018-05-13 09:11:19'),(65,55,44,'1971-12-08 18:17:54'),(66,7,78,'2010-10-01 11:27:33'),(67,19,6,'1985-04-18 19:06:33'),(68,45,55,'2010-11-12 07:20:44'),(69,41,69,'2002-04-05 23:26:18'),(70,23,46,'1973-04-07 21:44:01'),(71,4,81,'1975-01-11 02:36:23'),(72,37,58,'2021-08-07 16:37:11'),(73,49,76,'2017-08-02 12:22:34'),(74,77,13,'2010-05-14 06:44:56'),(75,4,41,'2006-08-22 06:26:05'),(76,14,97,'2003-04-09 13:58:58'),(77,32,41,'1981-11-24 11:20:51'),(78,12,91,'1993-11-27 01:06:58'),(79,38,54,'2022-08-15 06:30:09'),(80,63,92,'2019-09-27 16:56:26'),(81,98,70,'1983-02-11 05:38:48'),(82,70,17,'1993-12-02 10:41:32'),(83,76,14,'2005-10-02 14:15:55'),(84,72,17,'1986-05-31 17:37:32'),(85,83,94,'1978-12-11 20:15:43'),(86,62,86,'2020-05-09 13:21:40'),(87,75,98,'1971-09-13 16:19:48'),(88,43,24,'2012-11-13 03:41:25'),(89,73,20,'2012-12-24 09:28:30'),(90,37,77,'2012-01-04 14:03:28'),(91,61,51,'2015-10-12 00:35:18'),(92,73,93,'1971-04-25 14:37:22'),(93,91,85,'1991-06-28 14:21:36'),(94,84,28,'2016-10-10 02:55:54'),(95,39,46,'1985-04-25 18:53:47'),(96,20,36,'1980-07-01 11:03:29'),(97,16,89,'2004-05-15 20:04:19'),(98,52,91,'2016-05-11 10:29:39'),(99,3,23,'1999-02-05 18:53:23'),(100,7,86,'2016-08-18 14:49:11');
/*!40000 ALTER TABLE `likes` ENABLE KEYS */;
UNLOCK TABLES;

--
-- Table structure for table `media`
--

DROP TABLE IF EXISTS `media`;
/*!40101 SET @saved_cs_client     = @@character_set_client */;
/*!40101 SET character_set_client = utf8 */;
CREATE TABLE `media` (
  `id` bigint(20) unsigned NOT NULL AUTO_INCREMENT,
  `media_type_id` bigint(20) unsigned NOT NULL,
  `user_id` bigint(20) unsigned NOT NULL,
  `body` text COLLATE utf8mb4_unicode_ci DEFAULT NULL,
  `filename` varchar(255) COLLATE utf8mb4_unicode_ci DEFAULT NULL,
  `size` int(11) DEFAULT NULL,
  `metadata` longtext CHARACTER SET utf8mb4 COLLATE utf8mb4_bin DEFAULT NULL CHECK (json_valid(`metadata`)),
  `created_at` datetime DEFAULT current_timestamp(),
  `updated_at` datetime DEFAULT NULL ON UPDATE current_timestamp(),
  UNIQUE KEY `id` (`id`),
  KEY `user_id` (`user_id`),
  KEY `media_type_id` (`media_type_id`),
  CONSTRAINT `media_ibfk_1` FOREIGN KEY (`user_id`) REFERENCES `users` (`id`),
  CONSTRAINT `media_ibfk_2` FOREIGN KEY (`media_type_id`) REFERENCES `media_types` (`id`)
) ENGINE=InnoDB AUTO_INCREMENT=101 DEFAULT CHARSET=utf8mb4 COLLATE=utf8mb4_unicode_ci;
/*!40101 SET character_set_client = @saved_cs_client */;

--
-- Dumping data for table `media`
--

LOCK TABLES `media` WRITE;
/*!40000 ALTER TABLE `media` DISABLE KEYS */;
INSERT INTO `media` VALUES (1,1,48,'Incidunt deserunt distinctio quos eaque molestiae excepturi qui debitis. Quidem aut dolores sunt reprehenderit. Doloremque voluptatem optio et assumenda qui aliquam.','alias',489,NULL,'1982-04-03 00:28:19','2016-06-15 23:43:03'),(2,2,80,'Vitae inventore assumenda dolores corporis voluptates vel placeat. Dicta animi soluta nihil quibusdam eum nisi. Quam velit voluptatem rem rerum pariatur.','magnam',25,NULL,'2001-07-10 15:35:45','1991-06-20 03:36:45'),(3,3,50,'Sit magni quia velit dolor non est quibusdam. Nihil ducimus aliquam consectetur rerum adipisci eos iusto.','est',46,NULL,'2015-09-10 23:41:04','2001-04-20 13:59:16'),(4,1,5,'Esse reiciendis voluptatem sit quo architecto autem. Distinctio autem ut quia est deserunt incidunt et laboriosam. Voluptatem quae aut amet dolor sed. Eaque aliquid occaecati a nihil. Iusto optio enim veritatis.','tempore',196,NULL,'1986-10-17 02:10:54','2020-02-21 09:25:34'),(5,2,45,'Quibusdam aut laborum est. Et tempore velit dolores qui iste nisi in.','ducimus',187,NULL,'1980-05-06 00:55:04','2021-11-02 03:00:49'),(6,3,62,'Facere ad error voluptatem repellendus qui cupiditate commodi. Et minus cupiditate sunt dolorem. Perspiciatis est sed corrupti placeat voluptate ullam. Et voluptatum ut eaque nulla sint quo ad.','deleniti',140,NULL,'1989-03-11 05:02:23','2005-06-24 01:14:36'),(7,1,58,'Et aut delectus ratione recusandae nobis labore. Soluta laboriosam molestiae quia non. Reprehenderit dignissimos deleniti architecto. Sed facere sunt non et dolorum nam optio mollitia.','enim',93,NULL,'1982-11-24 23:28:55','1978-11-18 17:55:04'),(8,2,100,'Culpa ut voluptates totam sed perferendis a voluptate aut. Occaecati quia aspernatur atque. Et aut fuga delectus dolorem accusamus est. Laudantium inventore est eos ipsa. Adipisci voluptates sequi porro.','ex',415,NULL,'1993-01-23 00:20:19','1984-06-04 13:14:38'),(9,3,6,'Voluptatem et modi at. Minima culpa ut rerum eveniet ab et. Nemo voluptatem fugit velit est voluptatem. Aut natus odio et atque.','officiis',270,NULL,'1997-11-24 09:14:51','1993-10-14 22:51:11'),(10,1,94,'Voluptas blanditiis quos iusto tempora. Quam voluptates perspiciatis eum itaque. Est sit voluptate delectus error repellat.','dolor',177,NULL,'1982-01-16 09:24:55','2013-03-15 11:14:04'),(11,2,34,'Delectus est libero consectetur quam. Perspiciatis hic omnis quo quos. Aut sunt repudiandae cum commodi sint ea.','asperiores',422,NULL,'2015-05-05 06:26:55','1998-01-21 05:47:18'),(12,3,73,'Quia quasi harum dolorum aut harum repudiandae. Perferendis corrupti officia quia. Rerum dolorum neque dolores architecto doloribus.','et',52,NULL,'2006-01-17 18:34:41','1974-05-11 15:19:06'),(13,1,3,'Odit et sapiente ex consequatur natus et sed. Ullam fuga veniam omnis voluptatem dolor eligendi et. Laboriosam saepe officiis odit adipisci nemo quo vel dolorem.','aliquid',350,NULL,'2004-02-21 00:56:55','1978-12-20 11:34:13'),(14,2,54,'Repellat incidunt nostrum ducimus. Et et necessitatibus laudantium blanditiis. Nulla voluptatem sapiente libero ratione earum rerum. Ipsa et dolores accusantium aspernatur et voluptatum laboriosam.','doloremque',21,NULL,'1970-04-02 21:17:52','1977-10-21 18:02:43'),(15,3,8,'Expedita repellendus aut esse omnis qui. Officia quam eum quo tempora. Dolores quia quisquam natus saepe.','error',135,NULL,'1988-12-06 11:23:32','1977-12-01 07:02:47'),(16,1,58,'Perspiciatis est natus ipsa maxime accusantium nemo assumenda architecto. Rerum odio nam eius aut velit quo dolores. Consectetur sapiente eos vel possimus aliquid doloribus ea. Saepe ratione velit libero eos molestiae id.','quidem',58,NULL,'2015-04-17 14:47:39','2018-12-19 07:10:04'),(17,2,88,'Eveniet aut culpa omnis aut. Tempora eius fugiat commodi id qui. Iusto quidem omnis ut tempore quia voluptatem.','incidunt',244,NULL,'1994-11-02 15:55:50','1986-09-16 16:41:36'),(18,3,74,'Commodi quisquam numquam praesentium modi delectus sunt corporis. Iure veniam a non. Quas ut quis atque quo qui aut et enim.','maxime',62,NULL,'1993-02-12 20:47:33','2016-03-01 19:25:19'),(19,1,95,'Officiis totam id qui nisi ut nisi libero laboriosam. Amet magnam quo rem assumenda et itaque. Non asperiores qui deserunt sit voluptates ea.','inventore',435,NULL,'1970-02-04 02:51:21','1983-04-07 07:36:07'),(20,2,99,'Veritatis odio quasi animi culpa. Veniam ut numquam placeat ratione veritatis. Et aut at corrupti occaecati omnis provident.','voluptas',149,NULL,'2009-11-27 12:54:58','2017-04-17 04:23:31'),(21,3,89,'Magni atque dolorem nesciunt autem. Totam earum ut modi aut aut nisi. Quia qui distinctio eum porro. Quis inventore culpa voluptatem blanditiis expedita.','eum',243,NULL,'1972-11-21 15:26:48','2005-10-07 19:10:25'),(22,1,22,'Est debitis quaerat nesciunt fugiat dolores exercitationem corporis. Aspernatur deleniti eius sit ut. Assumenda qui minima qui ad. Repellat earum incidunt earum reiciendis aut et fugit.','est',87,NULL,'1977-02-23 13:10:34','2012-10-21 01:06:22'),(23,2,87,'Nisi inventore minus dolorem rerum. Dicta illum eius ut vero officia. Voluptatibus ea iste eos est neque mollitia sunt. Enim neque inventore a recusandae. Dolorum debitis quia ea illum consequatur est officiis.','a',284,NULL,'2012-12-16 04:57:14','1985-12-19 23:02:38'),(24,3,59,'Commodi vel qui harum eius rem ut sed voluptas. Mollitia et tempore assumenda sunt et. Et voluptas ut sit quis dolores deserunt deserunt. Quia facilis autem et dolorem.','natus',489,NULL,'1999-11-25 19:40:46','2016-01-24 00:14:53'),(25,1,54,'Incidunt atque quia corporis ut voluptatum aperiam. Magnam corporis qui esse fugit porro est. Doloribus numquam enim id illum.','itaque',359,NULL,'2001-04-21 23:18:09','1980-09-05 13:27:46'),(26,2,29,'Quia qui eum aspernatur quibusdam et commodi deserunt optio. Doloremque qui vel illum provident harum. Rerum libero voluptatum non libero quia. Neque distinctio non iure et.','quos',103,NULL,'2001-06-09 10:56:28','2006-02-04 17:15:57'),(27,3,83,'Consequuntur dicta rerum quis aperiam illo quo voluptatem. Porro deserunt perferendis ullam consequatur eligendi. Consectetur tempora quia fuga quis. Pariatur non sit earum eius sit.','autem',241,NULL,'1997-02-26 04:59:44','1971-10-23 09:54:10'),(28,1,6,'Aut cum adipisci voluptas iusto et et voluptatem. Minus deleniti autem molestiae ad sint.','laudantium',74,NULL,'1985-06-12 01:30:58','1994-04-25 00:12:45'),(29,2,91,'Temporibus minima sint accusantium. Et voluptate explicabo laboriosam. Ducimus dolor aut iusto.','qui',213,NULL,'2005-06-24 23:50:32','1977-11-07 03:21:06'),(30,3,50,'Maxime et dolorum est nisi. Culpa culpa et quod voluptatibus quas voluptatem sint. Molestias unde rerum nostrum incidunt neque fugit deserunt possimus. Sequi est ea maiores ut.','rerum',344,NULL,'2020-01-03 02:32:36','2014-09-03 22:17:12'),(31,1,15,'Enim officiis voluptatum corrupti et ratione qui optio. Voluptatibus doloremque eum voluptates ab. Sit itaque officia nisi iste reprehenderit odio error. Repellat qui delectus aut aliquid consequatur.','laboriosam',372,NULL,'2001-02-25 17:24:43','2014-06-25 20:57:58'),(32,2,38,'Neque quia explicabo et architecto qui nihil aliquid. Fuga ab in hic. Aut veritatis expedita magni ut molestias.','qui',50,NULL,'2015-07-02 04:37:10','2017-10-19 10:51:46'),(33,3,29,'Eveniet libero qui repudiandae. Dolore corporis numquam voluptas harum est omnis assumenda. Debitis omnis explicabo quo laboriosam voluptatem corporis reiciendis. Nostrum autem dolor maiores officia est rerum incidunt.','illum',505,NULL,'1977-08-07 23:25:06','1994-07-06 22:49:23'),(34,1,64,'Accusamus fuga eum quis corrupti. Ut sapiente dolorem sed. Voluptas aut tenetur harum corrupti quis. Et similique ut incidunt deleniti laudantium voluptatem et.','eos',74,NULL,'1973-05-05 19:40:53','1972-06-23 03:49:59'),(35,2,42,'Qui eum quis quia. Et molestiae perspiciatis tenetur doloremque blanditiis et sed eos. At voluptatem sequi sequi doloremque mollitia quia.','culpa',455,NULL,'2000-05-06 23:21:34','2003-06-12 07:45:20'),(36,3,74,'Autem pariatur nihil voluptates tempora quo sapiente ullam earum. Eos veniam voluptas deleniti amet sit est.','quam',240,NULL,'1982-03-05 22:30:16','2013-03-17 18:54:07'),(37,1,26,'Eligendi quo optio dignissimos magni cupiditate et illo. Dolorem eligendi hic repudiandae ut sed. Et id enim ad recusandae nobis. Voluptatem perspiciatis aut quia voluptatibus deleniti facilis qui temporibus.','vitae',198,NULL,'1988-09-08 20:58:19','2010-08-20 03:25:57'),(38,2,100,'Consequatur sed est recusandae non voluptatibus rerum ad. Est velit velit et quae voluptate qui doloremque. Corporis sint iure voluptatem deleniti veniam commodi. Corporis perspiciatis nemo sequi totam quo aspernatur facilis.','sint',112,NULL,'1986-04-21 15:01:53','1974-01-22 07:48:52'),(39,3,74,'Cupiditate molestiae minima voluptatem alias. Modi unde dolorum harum consequatur provident non perferendis consequatur. Dolores error enim facere nobis nemo reiciendis eius. Deleniti ut odit repudiandae sunt qui.','sint',311,NULL,'2011-07-21 21:23:03','2014-08-22 14:24:19'),(40,1,31,'Pariatur quia necessitatibus officiis consequatur sit. Pariatur repellat consectetur ut autem quidem consequatur. Dicta molestiae delectus laborum eum et similique cum quos.','asperiores',347,NULL,'1970-05-23 00:25:42','2013-02-22 04:10:37'),(41,2,94,'Maxime voluptatem aut unde blanditiis. Expedita aut qui dolor. Nulla aut explicabo maxime vel. Aliquid dicta nemo harum et.','iste',297,NULL,'2014-06-02 22:21:17','1978-11-29 15:04:07'),(42,3,7,'Ducimus aliquid est iure rem officia ducimus. Rerum asperiores autem quibusdam aspernatur consequatur non perferendis. Sed incidunt voluptate sed tempore et sed illo.','sed',175,NULL,'1987-10-19 21:18:40','1981-05-27 01:49:01'),(43,1,4,'Quod aut sunt vel itaque excepturi et. Non vel dicta numquam eum vero. Et molestiae accusamus nesciunt debitis omnis dolorem ut.','est',74,NULL,'1993-02-22 05:47:36','1974-01-21 20:52:04'),(44,2,96,'Eligendi fugit inventore voluptas quod corrupti accusantium. Dolorem architecto ut reiciendis. Dolorum et a omnis et quia cum nostrum. Sint harum nesciunt consequatur et.','officiis',469,NULL,'1991-01-21 03:52:23','2001-11-23 01:37:01'),(45,3,61,'Recusandae qui quod possimus. Sint ut et recusandae voluptatem. Sint nobis aut maxime beatae.','sed',417,NULL,'1986-11-06 05:38:19','1992-06-01 15:22:11'),(46,1,11,'Et minus commodi temporibus possimus dolor voluptas natus id. Doloribus libero quia quos corrupti. Delectus adipisci quidem aperiam quos.','et',94,NULL,'1979-10-26 03:31:53','1995-10-25 18:10:55'),(47,2,54,'Sapiente aut architecto distinctio est quo. Consequatur cupiditate voluptatem voluptatem est. Aspernatur quis inventore est deleniti quis occaecati. Ut aut voluptatem sint sint qui totam.','et',19,NULL,'1982-06-15 03:13:53','2008-10-08 01:06:19'),(48,3,48,'Earum sint voluptates necessitatibus fugit non. Illo iusto repudiandae architecto occaecati rem. Sit optio est id delectus dignissimos quas. Qui ea temporibus vero.','exercitationem',490,NULL,'2010-04-03 16:07:30','1987-09-20 23:19:26'),(49,1,84,'Soluta numquam soluta ut temporibus eum. Ea molestias officiis ut eveniet facilis vel. Sit labore tempore occaecati non. Repudiandae earum deserunt odio laborum a aperiam officiis qui.','dolorem',347,NULL,'2017-11-03 18:40:18','2001-04-09 08:12:38'),(50,2,49,'Cum atque tempore earum cum quod et ipsam. Nostrum aut labore porro quaerat non laudantium.','laboriosam',435,NULL,'2007-01-28 22:40:26','1990-02-19 10:53:25'),(51,3,46,'Architecto laudantium repellat et. Saepe est optio alias sit qui iste. Quisquam rerum omnis omnis totam ad facere. Quaerat quaerat aut maxime.','at',74,NULL,'1997-02-27 21:29:53','2020-02-22 12:29:30'),(52,1,73,'Qui ad quia vel delectus nesciunt. Voluptatum officiis sequi perspiciatis doloribus. Hic tenetur quaerat perspiciatis rerum et ullam aliquam.','iure',22,NULL,'2019-02-07 10:04:59','2013-05-16 07:57:53'),(53,2,70,'Suscipit alias minus qui ut occaecati optio dolore. Error sunt enim qui amet. Nesciunt numquam nostrum qui nostrum velit exercitationem.','tempora',179,NULL,'1976-08-07 00:24:29','1995-04-09 17:54:44'),(54,3,32,'Veniam iure debitis est nam. Consequatur aliquam vero voluptates deserunt. Ab mollitia expedita maxime dolorem qui quae.','non',297,NULL,'2012-01-30 05:35:55','2019-10-02 23:55:58'),(55,1,31,'Eos odit odit magnam dignissimos. Est impedit dolorum in id. Maxime molestiae maiores voluptate.','nesciunt',295,NULL,'2001-06-12 12:31:03','1970-05-12 22:22:24'),(56,2,24,'Facilis provident quia nostrum fugiat. Officiis inventore aperiam aut qui fugit. Ut ut quasi at expedita aut repudiandae sint.','ut',416,NULL,'2001-06-21 09:18:47','1989-07-11 08:44:22'),(57,3,60,'Enim suscipit dolorem id aut. Aspernatur excepturi cum itaque et eveniet sequi quibusdam. Voluptas quisquam quaerat similique doloribus qui omnis corporis facere.','facere',402,NULL,'1995-10-10 19:58:42','1994-08-08 21:42:27'),(58,1,13,'Vel modi provident fugiat. Est architecto perspiciatis illo ab. Ipsum illo inventore iure omnis debitis consectetur tenetur. Quia asperiores sapiente quisquam enim qui ea ea.','nihil',119,NULL,'2008-06-16 14:37:07','1987-03-15 12:49:53'),(59,2,29,'Hic delectus non molestiae omnis. Et impedit consequatur eaque ea cum. Voluptatem accusantium dolores porro ducimus et. Voluptas impedit qui optio saepe numquam delectus ea dolore.','et',162,NULL,'1999-08-05 05:34:49','1982-11-19 20:03:17'),(60,3,51,'Blanditiis nesciunt et quod magnam sint illo. Nesciunt dignissimos vel unde ipsam et rerum. Officia temporibus quia sed laudantium.','atque',243,NULL,'2015-03-11 14:01:20','2018-08-07 07:22:24'),(61,1,63,'Eligendi voluptatem a illum facere saepe earum quasi. Omnis non in sint delectus. Dignissimos nisi sunt pariatur nihil repudiandae explicabo eveniet.','eligendi',233,NULL,'1988-07-02 16:02:28','2006-04-08 13:58:15'),(62,2,43,'Non et et occaecati et. Tenetur error nihil labore aliquid ut. Aspernatur rem ducimus ut alias quia. Voluptas qui ipsam voluptates vel soluta temporibus.','quisquam',152,NULL,'1998-07-09 12:35:45','2020-12-23 16:36:46'),(63,3,88,'Et dolorum dolores qui. Praesentium unde eveniet praesentium atque consectetur.','aut',105,NULL,'1982-03-19 20:43:26','1983-08-05 05:12:42'),(64,1,91,'Cum ratione qui id sed quis. Consequuntur et qui voluptatem quia enim similique cum ducimus. Molestias labore voluptatem laudantium commodi placeat. Corrupti similique quae repellat in occaecati laudantium deleniti.','quas',448,NULL,'1977-04-23 05:34:32','2011-12-30 06:57:23'),(65,2,7,'Dolorem error dolores nobis earum. Voluptatem porro ducimus iure et voluptatem. Ratione sequi vel possimus repellat provident.','quia',314,NULL,'1974-05-31 01:26:55','1973-08-03 19:53:32'),(66,3,30,'Minima assumenda voluptatem aut doloribus explicabo nemo. Similique voluptate vitae eos eos doloribus nihil dolores. Ut maiores dolor enim aut autem officia nam dolore. Et ea id sint voluptas sunt est beatae.','deleniti',160,NULL,'2005-09-03 03:38:05','2020-08-30 21:52:31'),(67,1,65,'Est eligendi sunt distinctio itaque porro laborum possimus. Molestias rerum eum ullam est omnis ex aliquam nesciunt. Autem voluptatem debitis dolorum minima. Voluptatum rerum sed eum impedit est officiis explicabo.','delectus',252,NULL,'1993-12-18 01:12:28','2015-04-27 10:18:35'),(68,2,32,'Veniam doloribus et sunt sint aut vel qui. Quis accusamus assumenda velit voluptatem iusto voluptates in deleniti. Eum perspiciatis perspiciatis enim magnam est a.','quia',107,NULL,'1975-08-26 15:29:38','1988-12-27 10:53:09'),(69,3,30,'Dolorum recusandae blanditiis quia quos eligendi voluptatem natus. Excepturi sed dolore quo et. Est eveniet ducimus repudiandae adipisci blanditiis.','sint',43,NULL,'1986-07-26 21:07:37','2022-04-05 21:20:23'),(70,1,38,'Ut quas dolores animi harum nihil recusandae ea. Quo voluptatem et error delectus ab quaerat. Asperiores nihil eum itaque similique. Possimus iusto autem est autem qui aut odit.','incidunt',349,NULL,'2019-03-31 09:50:52','2002-07-07 02:17:27'),(71,2,63,'Enim nihil et et vel. Vel sint aut at adipisci provident. Rerum maxime nihil odio ut et amet neque. Rerum assumenda ratione ea et vel minima.','adipisci',92,NULL,'2022-02-08 17:17:56','1972-08-15 05:43:49'),(72,3,23,'Quia dolor praesentium maiores quibusdam suscipit consequatur. Alias error ex quasi eius tempore nisi. Qui molestiae autem facere soluta harum.','natus',97,NULL,'2009-05-23 13:16:33','1995-10-07 11:16:40'),(73,1,45,'Autem quas quis corrupti unde voluptate. Omnis eum est sequi facere consequatur libero. Unde possimus distinctio adipisci qui id.','asperiores',19,NULL,'2007-12-25 23:53:41','1973-05-22 12:57:40'),(74,2,66,'Quibusdam praesentium numquam dolores perspiciatis. Vel ratione est corporis consequatur dicta culpa. Voluptatem earum id amet voluptas eius quis. A vel aliquid voluptatem. Minus quia provident aut nam quam.','omnis',302,NULL,'2018-05-14 15:33:34','2013-05-29 05:48:52'),(75,3,19,'Assumenda non ut illum sed voluptatem porro asperiores. Velit et ea saepe omnis veniam sint placeat. Voluptatibus quia laborum officiis quia suscipit consequatur quos. Voluptas quo dignissimos vel culpa recusandae.','vel',194,NULL,'1997-03-21 00:52:08','2022-07-14 14:27:56'),(76,1,5,'Accusantium saepe in maxime omnis debitis explicabo. Veritatis nam occaecati quia pariatur quidem quam. Dolor quaerat laboriosam dolorem ut accusantium.','ut',249,NULL,'2015-07-21 19:10:47','2001-10-31 20:44:08'),(77,2,76,'Veritatis eligendi ipsam numquam. Quidem voluptates ut omnis ut. Dolores necessitatibus dolores aut eos ducimus. Eius fuga et fugit eveniet tempore itaque.','voluptatem',107,NULL,'2022-09-10 09:42:32','2008-06-23 04:29:04'),(78,3,73,'Labore repellendus est alias dignissimos. Quia in voluptatem deserunt deleniti dolorem odit sit. Sed est atque voluptate.','occaecati',399,NULL,'1989-03-28 08:06:08','2001-03-11 02:05:44'),(79,1,52,'Omnis saepe aut et id omnis odio placeat. Ut debitis aut nostrum quidem. Quaerat ea alias dignissimos possimus impedit. Quas natus illo vero minus placeat. Ea et laboriosam aperiam fugit in optio dignissimos.','voluptates',327,NULL,'1983-07-22 13:39:00','2014-08-09 06:55:25'),(80,2,60,'Quia laudantium dolorem sequi est blanditiis similique enim. Nihil veritatis ducimus consectetur. Dolorem inventore tempora nihil velit et minus minus. Ratione iusto ducimus ipsa dolorem porro.','consequuntur',465,NULL,'2002-09-12 13:43:02','1986-11-23 01:45:16'),(81,3,21,'Tenetur enim accusamus aperiam consequatur. Quia laudantium corporis necessitatibus totam. Provident maiores ut molestias autem similique suscipit ipsam. Eaque incidunt et culpa aliquid minima fugit et.','laudantium',368,NULL,'2000-01-01 09:24:20','2017-11-11 07:38:06'),(82,1,97,'Aliquid modi amet aut ipsam. Iste qui dolorem molestiae dolor cum itaque fugiat. Sunt totam quaerat ipsum aliquid.','voluptate',162,NULL,'1984-01-23 23:39:33','1972-08-30 22:47:50'),(83,2,33,'Alias asperiores nihil dolorem sed voluptas. Nihil aspernatur est reprehenderit laboriosam odit neque. Libero dolor quo eum est ipsam eius suscipit. Nostrum sed nam voluptas nisi doloremque voluptatum corporis.','aut',424,NULL,'1981-01-11 19:58:08','1985-09-27 08:28:36'),(84,3,90,'Aperiam voluptas laborum tenetur sapiente velit et. Et perspiciatis id perspiciatis ab ratione at cupiditate eaque. Rerum accusamus ut ut ea necessitatibus esse aut. Et iure earum qui ea quisquam. Ut eveniet ipsum quaerat facere quisquam.','laborum',362,NULL,'2003-05-19 16:19:01','1980-11-02 16:41:30'),(85,1,29,'Repudiandae voluptatem omnis voluptatem tempora quod. Iure est assumenda omnis.','nostrum',358,NULL,'1974-04-04 16:59:30','1999-10-22 04:44:26'),(86,2,63,'Consequuntur qui quo ut porro. Voluptas vel illum qui a qui. Dolores dolor dolor odio praesentium quia. Sint id animi et nulla debitis atque illum.','ut',337,NULL,'2003-10-31 21:44:54','2010-06-04 04:35:47'),(87,3,14,'Necessitatibus voluptatem in qui et ex dolore. Vitae voluptas repudiandae distinctio rerum rem qui est. Et fuga recusandae occaecati ad velit deleniti.','omnis',29,NULL,'1980-03-10 05:37:34','2012-03-12 09:17:15'),(88,1,89,'Ullam laboriosam assumenda ea non nulla porro eos. Omnis dignissimos non fugit. Enim in cumque eligendi quidem sed voluptates laudantium laudantium. Excepturi culpa in officia maxime aut qui consequuntur.','totam',187,NULL,'1973-01-04 05:50:51','1995-07-05 12:26:24'),(89,2,76,'Eveniet accusamus iure et iusto. Impedit exercitationem autem ullam sed. Aut necessitatibus cumque voluptatem reprehenderit ipsa. Culpa labore tenetur non sit eos.','delectus',284,NULL,'1987-07-10 14:33:06','1992-05-30 19:26:43'),(90,3,42,'Eos eaque consectetur sed necessitatibus. Provident aliquam vel deserunt magnam iste quia. Ad earum sed blanditiis nulla ut.','quo',33,NULL,'1993-08-27 11:09:54','1989-08-20 20:42:03'),(91,1,39,'Illo voluptas sint necessitatibus quo et. Non repellat aliquam enim quo enim cumque et. Impedit debitis incidunt quia iusto corrupti id. Voluptatem non sit deserunt nobis fugit rerum cum corporis.','optio',247,NULL,'1996-06-02 02:48:12','1972-03-04 04:41:13'),(92,2,38,'Dolorem numquam quasi sit fugiat quia ut est. Quia non dolor aut commodi. Sit veritatis nihil nesciunt itaque odit tempore. Non voluptate et odio.','eveniet',271,NULL,'1982-04-05 12:43:01','1992-03-26 08:50:34'),(93,3,84,'Dolore beatae nesciunt consequuntur ullam ut numquam aliquam. Dolor voluptate molestias animi fugit.','ab',367,NULL,'1989-12-27 15:56:22','1975-05-01 13:52:04'),(94,1,27,'Omnis fugit ab corporis dolores. Id dolorem dolores eum architecto qui sint. Rem sequi quidem ut eveniet maxime ut.','dignissimos',373,NULL,'1981-03-20 02:47:51','2010-07-18 03:20:52'),(95,2,29,'Reiciendis et reprehenderit cupiditate sint. Fugiat dicta suscipit et rem. Aut hic esse autem non.','dolores',383,NULL,'2001-01-16 19:10:53','2011-03-12 08:50:05'),(96,3,91,'Fugit tenetur eos dolores odit et necessitatibus. Quia nulla odit mollitia saepe qui. Eum doloremque quo qui harum.','minus',213,NULL,'2010-06-05 11:30:20','1979-07-12 23:35:32'),(97,1,56,'Sapiente temporibus sunt ab ducimus illo in vitae. Quas voluptatem omnis aut accusamus praesentium consequuntur. Et ullam non ipsam libero debitis ea pariatur.','consequatur',352,NULL,'1983-04-07 15:06:09','1988-10-15 04:06:59'),(98,2,93,'Quo accusamus unde officiis excepturi consequatur. Explicabo commodi voluptas asperiores reiciendis. Sed quis qui vitae dolorem molestias hic. Aut voluptatem qui enim ullam laboriosam.','est',114,NULL,'2010-05-21 06:58:31','2020-04-07 15:38:36'),(99,3,22,'Officia rerum quibusdam et illum aliquid qui. Est harum tempora aut rerum.','ut',23,NULL,'2002-12-02 19:33:37','1995-12-10 19:27:57'),(100,1,86,'Aut sit ipsa ipsa expedita modi. Nulla repudiandae earum perspiciatis amet repellat qui. Delectus unde et reprehenderit explicabo illum.','nihil',482,NULL,'1994-05-24 01:42:45','1997-03-31 04:27:48');
/*!40000 ALTER TABLE `media` ENABLE KEYS */;
UNLOCK TABLES;

--
-- Table structure for table `media_types`
--

DROP TABLE IF EXISTS `media_types`;
/*!40101 SET @saved_cs_client     = @@character_set_client */;
/*!40101 SET character_set_client = utf8 */;
CREATE TABLE `media_types` (
  `id` bigint(20) unsigned NOT NULL AUTO_INCREMENT,
  `name` varchar(255) COLLATE utf8mb4_unicode_ci DEFAULT NULL,
  `created_at` datetime DEFAULT current_timestamp(),
  `updated_at` datetime DEFAULT NULL ON UPDATE current_timestamp(),
  UNIQUE KEY `id` (`id`)
) ENGINE=InnoDB AUTO_INCREMENT=4 DEFAULT CHARSET=utf8mb4 COLLATE=utf8mb4_unicode_ci;
/*!40101 SET character_set_client = @saved_cs_client */;

--
-- Dumping data for table `media_types`
--

LOCK TABLES `media_types` WRITE;
/*!40000 ALTER TABLE `media_types` DISABLE KEYS */;
INSERT INTO `media_types` VALUES (1,' Audio','1984-11-13 00:00:00','2020-07-03 19:00:12'),(2,' Audio','2016-12-27 00:00:00','1999-08-11 00:19:17'),(3,' Picture','1989-03-06 00:00:00','2001-12-03 04:37:04');
/*!40000 ALTER TABLE `media_types` ENABLE KEYS */;
UNLOCK TABLES;

--
-- Table structure for table `messages`
--

DROP TABLE IF EXISTS `messages`;
/*!40101 SET @saved_cs_client     = @@character_set_client */;
/*!40101 SET character_set_client = utf8 */;
CREATE TABLE `messages` (
  `id` bigint(20) unsigned NOT NULL AUTO_INCREMENT,
  `from_user_id` bigint(20) unsigned NOT NULL,
  `to_user_id` bigint(20) unsigned NOT NULL,
  `body` text COLLATE utf8mb4_unicode_ci DEFAULT NULL,
  `created_at` datetime DEFAULT current_timestamp(),
  UNIQUE KEY `id` (`id`),
  KEY `from_user_id` (`from_user_id`),
  KEY `to_user_id` (`to_user_id`),
  CONSTRAINT `messages_ibfk_1` FOREIGN KEY (`from_user_id`) REFERENCES `users` (`id`),
  CONSTRAINT `messages_ibfk_2` FOREIGN KEY (`to_user_id`) REFERENCES `users` (`id`)
) ENGINE=InnoDB AUTO_INCREMENT=101 DEFAULT CHARSET=utf8mb4 COLLATE=utf8mb4_unicode_ci;
/*!40101 SET character_set_client = @saved_cs_client */;

--
-- Dumping data for table `messages`
--

LOCK TABLES `messages` WRITE;
/*!40000 ALTER TABLE `messages` DISABLE KEYS */;
INSERT INTO `messages` VALUES (1,62,3,'Repudiandae odio vel et in quas repellendus. Ut voluptatem repudiandae fugiat ea. Tempore animi facilis enim dolores. Aut rerum quia sit omnis.','2008-09-22 04:16:40'),(2,49,15,'Et molestias sed rerum non quae nostrum dolores. Dolorem accusantium dolores modi laborum. Molestiae consequatur possimus praesentium aliquam qui quidem eius alias.','2014-05-22 03:53:34'),(3,70,41,'Eos dolorem et suscipit ratione aut. Enim ipsum aut atque sunt sit soluta consequatur. Corporis est veniam iure nemo id.','2018-02-12 04:22:37'),(4,57,13,'Dolor inventore eum dolorem velit voluptatem. Impedit optio praesentium fugiat quasi. Voluptatibus iusto facere in maiores maiores quis libero omnis.','1976-04-26 05:43:56'),(5,20,7,'Ut ut numquam veritatis expedita ipsum. Quia dolorem dolorum vero quam doloribus corrupti. Maxime aut minus ab quisquam consequatur consequuntur.','1970-06-25 00:30:58'),(6,43,1,'Iure expedita vel est labore aliquid sint. Quia et qui non est dolorum quidem exercitationem amet. Error exercitationem et eos quod enim fugit.','2018-04-05 05:16:04'),(7,6,5,'Quidem sunt error ut quaerat aliquam. Earum veniam molestiae quo sed temporibus qui hic minima. Et et nihil sed autem provident. Architecto vel beatae non impedit ipsum laudantium voluptas.','2007-12-17 16:19:05'),(8,17,82,'Mollitia quia facere id asperiores. Illum laborum autem asperiores nam deserunt. Est ut amet tempore.','2002-07-11 08:13:03'),(9,97,90,'Rerum dolores perspiciatis aspernatur nesciunt a maxime perspiciatis. Eligendi voluptatibus magni nostrum vel velit est consectetur. Ea officiis non aut nesciunt et aut. Ut labore repudiandae iure dolores et qui nobis.','2006-06-14 18:13:20'),(10,65,40,'Voluptate exercitationem suscipit repudiandae dicta ea rem. Dolorem veritatis sint qui aut voluptatibus fuga. Itaque quibusdam sed praesentium dolorem voluptatem cupiditate.','2021-08-31 15:08:12'),(11,49,70,'Est a cumque explicabo assumenda. Repellat autem nulla rerum quasi quas necessitatibus.','1970-02-06 09:47:48'),(12,69,93,'Aut ab tempora dolorem veritatis quasi inventore aut. Ut commodi nostrum quasi sequi dignissimos dignissimos vel. Dolor odio assumenda aspernatur praesentium consequatur laudantium qui. Voluptas qui ex velit quidem recusandae.','1977-11-25 07:59:34'),(13,87,15,'Dignissimos incidunt est sed perspiciatis aliquam et eos. Cumque dolorem quo minima veniam accusamus. Quam eum deleniti ut sed voluptatibus ut. Voluptatem nulla aspernatur reprehenderit facere provident.','2004-01-02 22:52:17'),(14,83,14,'Aut expedita hic quaerat et suscipit. Nihil velit corporis qui possimus iusto. Molestias necessitatibus omnis aut labore rerum ducimus eum.','2004-08-12 22:37:45'),(15,22,22,'In et explicabo dolorum ea voluptates quia. Est consequatur natus vitae et et. Praesentium debitis ex dolorem ratione eum voluptates explicabo. Possimus earum eos a atque deleniti.','1996-03-05 19:22:47'),(16,87,83,'Eaque tempore odio aut nostrum dolor delectus expedita iste. Esse quis sit quos pariatur dolor quo.','2022-02-18 02:35:22'),(17,24,36,'Hic ipsam eius deleniti porro necessitatibus ut. Molestiae illum tenetur veritatis quia repellat itaque. Quo pariatur odio numquam officia quam.','1996-02-20 00:33:21'),(18,98,93,'Impedit non aut qui sint. Similique sed voluptatum error molestiae.','2018-10-01 18:00:40'),(19,77,54,'Et iusto sed similique velit est sed dignissimos. Minus est harum repellat eos.','1974-10-09 22:43:22'),(20,6,96,'Sint quos sed quos in et et et. Eaque ut quia optio aut voluptas inventore. Quo rerum reprehenderit sed.','1973-03-04 17:43:31'),(21,60,49,'Iure consectetur aut aut. Praesentium quia qui est quis earum. Ullam explicabo qui qui qui. Non fuga libero est atque qui omnis doloremque itaque.','1997-12-04 05:48:25'),(22,97,66,'Quam fuga officia qui omnis accusamus molestias qui et. Velit quis et et molestiae et. Minus ullam harum harum ratione. Beatae doloribus praesentium architecto quod voluptatum ipsum.','2012-09-26 23:10:40'),(23,54,13,'Perspiciatis cum ipsa dolorum consequuntur architecto quo. Tempore voluptatibus nisi impedit labore. Totam neque porro et dolorum necessitatibus est. Voluptatem culpa ipsam unde aut aliquam qui.','2005-12-11 21:34:56'),(24,48,51,'Eos consequatur incidunt neque blanditiis cum est dolorum. Iusto non minus dignissimos nemo doloribus laborum eius. Animi nemo aliquam deserunt qui.','2022-02-24 10:31:00'),(25,2,12,'Veritatis eos iusto cumque dolorum et. Est et alias ad dolorem voluptatem iusto. Quis nostrum commodi possimus quidem autem nobis. Voluptate ipsa quo officia dolor sed quos quod culpa.','2014-09-07 10:47:37'),(26,90,51,'Nisi fuga quo ipsam voluptatem. Iure a eos consequatur necessitatibus eos. Magni corporis quibusdam quasi eum veniam.','1981-07-24 03:04:52'),(27,82,59,'Optio eius doloremque quo voluptatem. Vel nihil vel at distinctio velit. Beatae enim amet ut nemo sapiente explicabo similique dolorem. Qui voluptates enim quia ut officiis et aut.','2003-04-02 13:03:20'),(28,43,68,'A tempora minima sit et ut cupiditate neque. Dignissimos asperiores voluptatem perspiciatis ratione. Mollitia dignissimos est at perferendis voluptas. Sunt aliquam est vitae pariatur odit aut.','1970-08-10 01:43:20'),(29,73,26,'Eos totam possimus provident cumque voluptate. Molestias aut corrupti excepturi rerum sit. Architecto occaecati assumenda nihil aut sapiente similique.','2020-12-15 04:23:20'),(30,81,95,'Cupiditate animi vitae maxime sunt id doloremque aut. Qui non ut delectus vero quisquam. Eos quidem mollitia consequuntur.','1976-01-16 19:39:14'),(31,47,68,'Excepturi sed laudantium qui nisi similique. Vel aut dicta exercitationem fuga quisquam in quo. Sunt qui quia pariatur vero odio et. Cupiditate velit rerum odit aliquam quia. Quia iusto iusto rerum doloremque et vel accusantium.','2012-11-24 23:44:42'),(32,77,70,'Quam qui et deserunt. Velit et id dolorem reprehenderit veritatis. A dolorem dolores qui neque qui ipsum eaque.','1997-11-28 17:28:04'),(33,3,74,'Ullam iure sint delectus sint dolore ab excepturi. Incidunt ab aut voluptatem eligendi eveniet. Assumenda iusto sit rerum et recusandae eum repudiandae temporibus. Totam est sit deserunt.','2011-10-06 08:23:18'),(34,63,80,'Dolores commodi vitae qui. Rerum ullam nam vitae non ipsam. Reiciendis maxime numquam nihil voluptatem expedita laboriosam.','1979-10-17 17:41:11'),(35,28,69,'Laudantium quis dolor id id iste neque. Est aut qui esse.','2005-08-11 18:49:04'),(36,75,88,'Quae corporis sit velit itaque doloribus est. Consequatur vero inventore deleniti assumenda ipsum. Quo molestiae voluptate voluptatibus odio vitae doloremque. Corrupti blanditiis mollitia ab numquam hic voluptates pariatur aliquam.','1983-05-02 07:17:02'),(37,17,71,'Ut reprehenderit unde ullam voluptatem. Et deserunt quasi id. Eligendi fugit aut laborum.','2009-07-03 02:05:46'),(38,53,71,'Qui similique fuga minima autem in atque quia distinctio. Temporibus autem voluptatum amet qui voluptatem distinctio neque.','1988-08-04 11:39:39'),(39,84,1,'Eveniet consequatur laudantium quibusdam nostrum aliquam fugit sunt. Praesentium fuga aut ipsam qui consequatur sit et. Molestiae voluptatem unde ut numquam quidem.','2010-12-01 07:36:04'),(40,21,85,'Et reiciendis totam minima quos aut est distinctio in. Velit fugit culpa est. Aperiam saepe optio ratione et explicabo. Expedita vel omnis in sed qui vero.','2013-08-16 13:34:47'),(41,12,10,'Aut id sapiente id sit facere nihil quaerat. Est et architecto dolore aliquam. Quia aut quidem culpa. Explicabo numquam tempore rerum id eligendi.','1988-08-21 14:11:10'),(42,36,94,'Laudantium cum omnis id quos nemo. At rerum dicta alias vel eveniet qui iure. Numquam sed et consequatur minima culpa dolorum.','2020-01-01 00:45:16'),(43,68,78,'Veniam in vitae aut est beatae reiciendis voluptatem. Quod aperiam optio ut maiores assumenda quae dolores. Ut ut amet reprehenderit aspernatur aspernatur et ratione.','1989-11-02 12:29:56'),(44,61,41,'Voluptas quis maxime consequatur ratione sunt. Dolor consequatur dolores non reiciendis ea aut. Qui eaque consectetur ipsam dicta aut. Blanditiis rerum quis non totam nihil.','1987-06-15 07:07:02'),(45,4,42,'Rem provident autem aut ut et non provident. In accusamus minima aspernatur possimus. Libero ipsum ad repudiandae.','2009-01-30 09:53:07'),(46,35,51,'Eaque id sit id. Qui velit qui quaerat dignissimos minus ab labore. Molestiae aut repellendus inventore consectetur.','1996-06-22 19:37:28'),(47,9,12,'Ipsa vel ut soluta. Quas earum quas at quia nesciunt recusandae quia. Et ut modi earum. Aliquid at rerum aut alias sint aut aut.','1991-10-07 08:48:26'),(48,20,12,'In sit quidem sit est. Consequatur provident vel in. Velit officiis voluptas excepturi numquam excepturi. Qui et suscipit iure qui.','1977-04-20 16:57:06'),(49,86,83,'Rerum quibusdam architecto non labore sed. Sed sit quia architecto nisi et neque. Aliquam commodi esse nam voluptas praesentium aut. Facilis et beatae qui excepturi.','1978-01-06 15:19:42'),(50,92,13,'Dignissimos aut in iure amet. Numquam consequatur nostrum dolor quaerat sed quia. Sit quo rerum eligendi ut. Eligendi eaque rerum debitis dolor et dignissimos dolorum. Labore et ut et natus ea totam.','1995-11-21 23:32:23'),(51,51,66,'Incidunt quisquam hic molestiae enim eaque consectetur qui. Laudantium soluta asperiores eos sed ut beatae. Vero voluptate repellat ducimus non nam aut.','2010-07-22 15:34:21'),(52,100,68,'Pariatur esse rerum repellat incidunt. Labore in rem est accusamus quia et et. Et qui sunt at ut et odio magnam. Reiciendis omnis est et perspiciatis placeat qui.','2010-05-20 12:43:59'),(53,37,53,'Ut saepe non placeat quod. Voluptatem sunt cum enim eos molestias vel deleniti sit. Dignissimos dolorem animi voluptatem.','2014-07-24 05:00:31'),(54,38,21,'Sint velit dolor consequatur minus consequatur at eius. Voluptatem minima enim quaerat nihil veniam beatae impedit impedit. Distinctio provident aspernatur accusantium recusandae. A voluptas aut qui ipsa eaque incidunt.','1990-05-23 06:49:11'),(55,53,58,'Facilis repellendus est officiis fuga eos. Maxime natus fugiat placeat eos. Optio architecto dolorum corrupti tempora exercitationem nemo est est. Est repellendus ullam ipsum provident at esse dolor.','1985-06-06 02:46:58'),(56,6,65,'Mollitia adipisci nam dolorem enim non sint hic. Ex pariatur reiciendis vel. Quas laborum aliquid sapiente placeat ea. Omnis laudantium rem molestiae aut.','2013-05-12 22:07:42'),(57,68,41,'Numquam consequatur adipisci dicta doloremque quod. Magnam voluptatem sint temporibus ut reiciendis eligendi. In optio id omnis ab sed corrupti. Eum occaecati in rem est occaecati magni.','2019-06-07 02:47:56'),(58,58,35,'Molestiae necessitatibus non ex minus. Error placeat alias iure quibusdam eos rem impedit beatae. Natus quia natus maiores molestiae in. Tempore ducimus ab debitis minus ipsam placeat ab. Non libero ex hic sit pariatur placeat.','2009-02-09 10:23:56'),(59,19,19,'Voluptas iure aut sint id. Dolor harum quisquam quaerat dicta laborum dolores culpa. Iusto accusantium aperiam provident in. Voluptas sed sapiente quae hic omnis.','2011-11-27 01:37:58'),(60,76,22,'Aut quod fuga porro quidem asperiores pariatur. Rerum in consequatur aliquam. Nobis quo sed quia error non vel. Rerum aut possimus quo voluptate voluptatibus est optio.','1974-09-27 11:05:32'),(61,60,10,'Quod eos deleniti minima ut repudiandae dolorem possimus est. Impedit aliquid ea explicabo nam.','1999-01-20 23:26:01'),(62,72,69,'Vitae facilis quos corporis est aliquid. Amet sint magni necessitatibus odit.','1994-02-12 05:53:25'),(63,22,92,'Hic ducimus fugiat et aspernatur. Eius modi fugit rerum distinctio. Voluptas vitae qui quo. Dignissimos mollitia quos in officia pariatur fuga reiciendis.','2015-01-13 21:24:38'),(64,81,7,'Quia voluptate voluptatum rerum enim eos ut. Corporis eaque occaecati pariatur ut perferendis excepturi tenetur. Occaecati ut sed velit et recusandae. Sint voluptatibus aliquid ut voluptatibus omnis omnis. Totam voluptas doloremque dignissimos.','2013-07-09 10:53:06'),(65,75,72,'Nulla laborum necessitatibus impedit porro omnis id minus molestiae. Veniam dolore magni quas. Odit recusandae molestiae deleniti asperiores.','1993-11-09 02:17:28'),(66,20,25,'Consequuntur laudantium aliquid illum qui. Dignissimos et cumque voluptas quibusdam necessitatibus optio et. Repellat dolores adipisci officiis a dolorem culpa qui. Et assumenda odit consectetur qui enim sunt qui atque.','2011-08-10 21:07:25'),(67,38,19,'Dolorem aut nam corrupti ut enim nihil ducimus. Natus pariatur iste dolor ut error voluptatem. Dignissimos beatae sed vitae quas commodi qui. Consectetur est ea accusamus molestiae sint.','1992-02-22 06:41:48'),(68,93,75,'Consectetur id a minima commodi dolores. Odit eveniet occaecati officia. Animi atque asperiores esse voluptatum quia molestiae et. Iusto dolorem ipsa dolor commodi ipsa cupiditate.','2010-03-22 17:28:53'),(69,71,30,'Dolor rerum praesentium nisi sit. Reiciendis voluptatem magnam nisi. Eaque et officiis voluptates earum.','1974-04-20 03:45:06'),(70,95,24,'Aut voluptatem dolorem sit quia voluptas. Rerum et veritatis provident reiciendis placeat assumenda non. Molestiae deleniti quasi voluptas voluptatem cupiditate ex possimus. Dolor beatae id et consequatur et.','2016-01-29 01:46:42'),(71,88,100,'Et id distinctio ea nam. Totam dolores aliquid ipsam dolorem consequatur dolorem error sed. Rem dolorem rem laudantium cumque. Voluptatibus nemo pariatur exercitationem.','2011-04-07 07:33:11'),(72,88,55,'Quasi illo odio nam ut. Et quaerat aut iste voluptates ad tempora. Ipsum est et voluptatum illo. Vitae doloribus sed odit.','1985-05-24 16:35:05'),(73,40,46,'Cumque harum sed eligendi quo. Saepe officia nobis ducimus dolor suscipit. Nulla sed incidunt voluptatem molestiae nostrum doloribus odit.','1990-08-03 17:20:42'),(74,90,58,'Aspernatur quos aperiam iste est. Saepe quas ut mollitia quis totam repellat. Sit omnis vero illum nam necessitatibus et architecto cum.','2009-06-18 03:45:43'),(75,64,66,'Aperiam qui et est maxime ut dolor. Nihil ea quidem qui voluptates eum rerum. Architecto corrupti commodi eos voluptas placeat et libero et. Est id pariatur saepe dolorem mollitia sunt autem.','1977-07-09 18:15:38'),(76,80,23,'Nisi qui odio illo blanditiis. Minima doloremque quia dolores ipsa dolor quo odit. Rem at corrupti dolores porro reiciendis facere.','1994-04-03 02:04:47'),(77,75,51,'Sapiente accusantium architecto suscipit molestiae aliquam alias. Soluta perferendis ut eos optio ut modi. Distinctio consequatur temporibus voluptas sed distinctio minima provident. Illum ducimus rem aut nam fuga et.','2006-08-20 01:48:57'),(78,91,97,'Qui nam distinctio similique optio consequatur consequuntur. Sed vitae quia molestiae debitis. Dolorem beatae exercitationem ut omnis autem non. Incidunt ipsa earum vel ut.','2013-07-28 08:56:03'),(79,43,71,'Impedit quisquam facere vel ut. Eum aliquam hic eos excepturi saepe sit rerum. Quaerat consequatur est illo laborum iste repellendus sed temporibus.','1996-12-24 15:43:58'),(80,3,17,'Quo unde dignissimos consequuntur repellendus amet. Ea reprehenderit aut possimus qui deserunt. Praesentium eum aut est ad non. Vero veniam nesciunt alias qui fugit sed ut minima.','1988-01-17 08:07:20'),(81,43,22,'Quibusdam consectetur commodi ea sapiente. Deleniti amet id ut dolorem. Non optio commodi et consequatur ea autem.','2021-09-06 15:02:45'),(82,42,80,'Aliquid totam aut explicabo voluptate. Dolorem omnis ducimus aut hic veritatis ipsam. Inventore recusandae similique aliquam ex iste quia voluptate.','2013-10-23 15:55:15'),(83,41,34,'Consequatur nemo harum non facere similique optio quas. Delectus eaque alias velit.','1991-06-13 14:45:06'),(84,54,12,'Accusantium qui laborum nisi dolorem animi. Doloribus reprehenderit porro quo magnam. Et pariatur quo a sint eos unde hic.','1992-09-14 14:01:12'),(85,64,48,'Accusamus ut iusto voluptas laboriosam. Et quis ipsa qui nemo fuga architecto.','1975-01-20 14:07:29'),(86,35,52,'Id dolore consequatur voluptatem atque sint. Debitis iure quas consectetur et quis dignissimos in. Inventore odio itaque sunt mollitia ipsam incidunt doloremque. Praesentium omnis tenetur enim ea sapiente exercitationem. Voluptatem quos cupiditate dolor et sed.','2000-07-19 17:04:42'),(87,48,23,'Nisi quo enim aut quibusdam quod et id atque. Enim voluptatem omnis adipisci molestiae aut. Incidunt molestiae voluptatibus nihil modi velit tenetur quos. Est quaerat dolor ratione omnis.','1982-05-13 17:03:29'),(88,7,88,'Quae consequatur aut assumenda illo possimus. Laborum quos eos et provident veritatis numquam cumque sit. Ratione omnis qui repellendus ducimus porro quidem. Est non odit quibusdam earum ut.','1983-05-13 15:28:55'),(89,68,96,'Non accusantium repellendus voluptatem quis minus eos laboriosam. Harum et eligendi vel totam. Voluptas qui incidunt dolores fuga molestias laboriosam commodi.','2000-09-19 23:27:37'),(90,46,31,'Sint molestiae nesciunt dolorum cupiditate. Magni facere doloribus quibusdam voluptate aspernatur. Aut esse quasi nihil quaerat maxime voluptatem neque.','1995-07-21 05:59:17'),(91,61,25,'Minima odit tempore odio labore. Quis non soluta repellendus omnis nulla. Dolorem dolores accusamus dicta maxime accusantium qui. Tempora soluta quia ad sunt dolore consequatur rem cumque.','2000-06-01 01:21:20'),(92,54,36,'Id reiciendis nesciunt quos qui voluptatem fugit. Suscipit est facilis consequatur dignissimos praesentium animi quibusdam. Quibusdam explicabo minus libero cupiditate id earum est.','1991-12-12 04:07:11'),(93,76,45,'Qui hic nesciunt distinctio velit adipisci. Reprehenderit minus necessitatibus tempora tenetur laudantium harum.','2016-02-15 01:53:46'),(94,32,18,'Explicabo modi aspernatur eos non doloribus tenetur qui. Deleniti iusto ut dolorum quidem ratione cupiditate. Maiores dolorum ea perferendis.','1976-02-27 16:21:02'),(95,16,35,'Neque praesentium reprehenderit aut ea. Facere odit ut adipisci alias quia. Maiores eos dolorem voluptatem et dolor dolores. Qui at facilis qui quasi.','1996-01-04 17:11:59'),(96,35,58,'Perspiciatis consequatur eaque id officiis qui. Omnis libero ea ea autem. Quas quo quia et quidem. Ratione et voluptas est quam ipsum laborum.','1996-05-22 09:52:58'),(97,57,76,'Et vero rerum in occaecati veritatis mollitia autem iusto. Facilis consequatur ratione inventore et. Dicta blanditiis culpa voluptatibus debitis. Velit culpa soluta dolorem sed et quo architecto.','2020-06-01 22:56:06'),(98,37,97,'Rerum autem dolorum facilis tempora labore rerum. Fugit et aut nihil neque recusandae. Aperiam quos nisi unde esse. Impedit voluptatem nihil et quis.','2010-12-23 02:09:39'),(99,9,91,'Pariatur velit magnam incidunt commodi. Reiciendis necessitatibus odit molestiae maiores est. Laudantium qui inventore qui et eos ut.','2001-04-08 13:28:14'),(100,8,73,'Aut aut corrupti quibusdam. Maxime deserunt architecto a necessitatibus earum. Est aut dolores soluta voluptatem et.','2004-12-14 12:34:22');
/*!40000 ALTER TABLE `messages` ENABLE KEYS */;
UNLOCK TABLES;

--
-- Table structure for table `photo_albums`
--

DROP TABLE IF EXISTS `photo_albums`;
/*!40101 SET @saved_cs_client     = @@character_set_client */;
/*!40101 SET character_set_client = utf8 */;
CREATE TABLE `photo_albums` (
  `id` bigint(20) unsigned NOT NULL AUTO_INCREMENT,
  `name` varchar(255) COLLATE utf8mb4_unicode_ci DEFAULT NULL,
  `user_id` bigint(20) unsigned DEFAULT NULL,
  PRIMARY KEY (`id`),
  UNIQUE KEY `id` (`id`),
  KEY `user_id` (`user_id`),
  CONSTRAINT `photo_albums_ibfk_1` FOREIGN KEY (`user_id`) REFERENCES `users` (`id`)
) ENGINE=InnoDB AUTO_INCREMENT=101 DEFAULT CHARSET=utf8mb4 COLLATE=utf8mb4_unicode_ci;
/*!40101 SET character_set_client = @saved_cs_client */;

--
-- Dumping data for table `photo_albums`
--

LOCK TABLES `photo_albums` WRITE;
/*!40000 ALTER TABLE `photo_albums` DISABLE KEYS */;
INSERT INTO `photo_albums` VALUES (1,'similique',16),(2,'dolores',30),(3,'repudiandae',80),(4,'aut',94),(5,'mollitia',12),(6,'ipsum',67),(7,'ab',80),(8,'eum',53),(9,'nulla',56),(10,'cum',11),(11,'inventore',18),(12,'quia',74),(13,'cumque',61),(14,'delectus',22),(15,'eligendi',83),(16,'exercitationem',23),(17,'unde',24),(18,'sint',72),(19,'doloremque',79),(20,'animi',31),(21,'sed',72),(22,'harum',75),(23,'quidem',39),(24,'optio',42),(25,'eum',54),(26,'molestiae',94),(27,'fugit',60),(28,'qui',24),(29,'vero',51),(30,'non',54),(31,'dignissimos',47),(32,'eveniet',67),(33,'aut',84),(34,'vel',26),(35,'doloremque',60),(36,'ipsa',95),(37,'ab',93),(38,'voluptatem',40),(39,'illo',47),(40,'sint',48),(41,'aliquid',50),(42,'sed',65),(43,'vitae',22),(44,'sequi',10),(45,'harum',87),(46,'consectetur',4),(47,'nihil',32),(48,'sed',10),(49,'ipsum',75),(50,'est',10),(51,'dolorum',40),(52,'magni',46),(53,'earum',85),(54,'dignissimos',79),(55,'soluta',87),(56,'omnis',38),(57,'aliquam',73),(58,'rerum',46),(59,'dicta',62),(60,'ut',24),(61,'dolorem',100),(62,'cumque',8),(63,'consequuntur',90),(64,'cupiditate',84),(65,'expedita',34),(66,'fugiat',49),(67,'iste',78),(68,'voluptas',26),(69,'consequatur',88),(70,'beatae',25),(71,'tempore',73),(72,'unde',37),(73,'placeat',90),(74,'tempora',94),(75,'eos',47),(76,'omnis',76),(77,'velit',98),(78,'atque',79),(79,'fugit',86),(80,'nostrum',72),(81,'quia',88),(82,'iusto',26),(83,'corporis',18),(84,'impedit',73),(85,'dolorem',4),(86,'ipsum',5),(87,'eum',11),(88,'ad',77),(89,'voluptatem',51),(90,'aut',72),(91,'quia',100),(92,'tempore',51),(93,'incidunt',79),(94,'fugiat',89),(95,'similique',34),(96,'adipisci',12),(97,'natus',37),(98,'quidem',11),(99,'repellat',37),(100,'enim',25);
/*!40000 ALTER TABLE `photo_albums` ENABLE KEYS */;
UNLOCK TABLES;

--
-- Table structure for table `photos`
--

DROP TABLE IF EXISTS `photos`;
/*!40101 SET @saved_cs_client     = @@character_set_client */;
/*!40101 SET character_set_client = utf8 */;
CREATE TABLE `photos` (
  `id` bigint(20) unsigned NOT NULL AUTO_INCREMENT,
  `album_id` bigint(20) unsigned DEFAULT NULL,
  `media_id` bigint(20) unsigned NOT NULL,
  UNIQUE KEY `id` (`id`),
  KEY `album_id` (`album_id`),
  KEY `media_id` (`media_id`),
  CONSTRAINT `photos_ibfk_1` FOREIGN KEY (`album_id`) REFERENCES `photo_albums` (`id`),
  CONSTRAINT `photos_ibfk_2` FOREIGN KEY (`media_id`) REFERENCES `media` (`id`)
) ENGINE=InnoDB AUTO_INCREMENT=101 DEFAULT CHARSET=utf8mb4 COLLATE=utf8mb4_unicode_ci;
/*!40101 SET character_set_client = @saved_cs_client */;

--
-- Dumping data for table `photos`
--

LOCK TABLES `photos` WRITE;
/*!40000 ALTER TABLE `photos` DISABLE KEYS */;
INSERT INTO `photos` VALUES (1,98,8),(2,32,87),(3,39,52),(4,60,9),(5,66,63),(6,40,29),(7,92,21),(8,37,44),(9,2,91),(10,83,86),(11,31,38),(12,49,22),(13,1,58),(14,92,3),(15,95,82),(16,46,92),(17,89,78),(18,79,28),(19,29,38),(20,36,95),(21,1,76),(22,24,93),(23,97,61),(24,36,98),(25,51,19),(26,84,82),(27,57,33),(28,4,57),(29,91,96),(30,60,86),(31,77,6),(32,77,65),(33,83,56),(34,92,12),(35,93,28),(36,6,94),(37,3,29),(38,87,99),(39,89,22),(40,97,40),(41,41,81),(42,22,97),(43,13,25),(44,54,3),(45,20,14),(46,88,96),(47,19,65),(48,61,1),(49,21,52),(50,13,14),(51,79,19),(52,7,82),(53,47,94),(54,81,36),(55,16,77),(56,76,56),(57,58,98),(58,53,70),(59,22,7),(60,73,42),(61,20,61),(62,38,39),(63,26,98),(64,40,46),(65,49,52),(66,60,28),(67,70,66),(68,10,17),(69,60,90),(70,53,75),(71,66,29),(72,31,23),(73,26,83),(74,93,48),(75,89,66),(76,89,9),(77,26,26),(78,48,52),(79,24,87),(80,98,73),(81,39,57),(82,100,8),(83,23,9),(84,25,82),(85,98,77),(86,56,64),(87,6,87),(88,87,31),(89,69,80),(90,78,58),(91,45,67),(92,67,71),(93,93,14),(94,22,16),(95,1,19),(96,88,39),(97,76,88),(98,47,98),(99,96,71),(100,80,94);
/*!40000 ALTER TABLE `photos` ENABLE KEYS */;
UNLOCK TABLES;

--
-- Table structure for table `profiles`
--

DROP TABLE IF EXISTS `profiles`;
/*!40101 SET @saved_cs_client     = @@character_set_client */;
/*!40101 SET character_set_client = utf8 */;
CREATE TABLE `profiles` (
  `user_id` bigint(20) unsigned NOT NULL,
  `gender` char(1) COLLATE utf8mb4_unicode_ci DEFAULT NULL,
  `birthday` date DEFAULT NULL,
  `photo_id` bigint(20) unsigned DEFAULT NULL,
  `created_at` datetime DEFAULT current_timestamp(),
  `hometown` varchar(100) COLLATE utf8mb4_unicode_ci DEFAULT NULL,
  UNIQUE KEY `user_id` (`user_id`),
  CONSTRAINT `fk_user_id` FOREIGN KEY (`user_id`) REFERENCES `users` (`id`) ON DELETE NO ACTION ON UPDATE CASCADE
) ENGINE=InnoDB DEFAULT CHARSET=utf8mb4 COLLATE=utf8mb4_unicode_ci;
/*!40101 SET character_set_client = @saved_cs_client */;

--
-- Dumping data for table `profiles`
--

LOCK TABLES `profiles` WRITE;
/*!40000 ALTER TABLE `profiles` DISABLE KEYS */;
INSERT INTO `profiles` VALUES (1,'f','1994-11-15',48,'1972-05-24 18:22:31','South Freddyfurt'),(2,'m','2002-04-19',20,'1994-03-04 13:22:00','Turcotteport'),(3,'m','2015-06-02',16,'2019-06-01 02:53:16','Fletcherfort'),(4,'f','1972-07-29',73,'2016-08-10 21:27:29','North Stephania'),(6,'m','1983-02-26',51,'1996-05-12 18:22:53','Wilkinsonstad'),(12,'f','1997-08-02',93,'2022-02-07 13:41:33','New Marisa'),(13,'m','2001-03-20',76,'1988-01-25 06:22:11','East Marjorie'),(14,'f','2006-02-06',66,'2007-10-04 13:05:18','Jacobsfort'),(15,'f','2014-06-28',18,'1970-01-12 19:15:06','South Alverahaven'),(16,'m','2009-09-17',46,'1977-10-04 01:17:54','West Margareteport'),(17,'m','1987-04-09',93,'2008-01-25 12:24:52','Moenburgh'),(18,'f','2007-01-05',21,'1974-11-30 03:42:18','West Guadalupeberg'),(19,'m','1988-05-20',18,'1981-10-13 16:38:56','West Lucienne'),(20,'f','2011-12-14',25,'1983-04-09 23:23:24','South Remington'),(21,'f','2004-11-08',38,'1973-04-15 22:32:55','Mekhiview'),(23,'m','1983-12-25',80,'2003-01-31 02:45:34','Georgiannaburgh'),(26,'m','2015-06-21',49,'1993-04-13 01:38:51','East Reymundoside'),(27,'f','2003-01-05',31,'2008-09-24 05:49:39','West Kayliborough'),(30,'f','1972-09-13',74,'2013-01-11 00:48:00','South Rosannachester'),(32,'f','1985-04-12',30,'2001-01-29 07:11:36','New Wernerfurt'),(34,'m','1995-06-02',99,'2020-06-29 19:14:42','Leschville'),(36,'f','2007-08-26',14,'2020-01-07 02:38:33','Schmittshire'),(37,'f','1999-02-19',30,'2019-05-22 17:37:23','East Yasmin'),(39,'m','2017-05-29',36,'1979-03-26 15:30:12','Legrosmouth'),(42,'m','2013-07-19',39,'1988-06-11 06:21:49','West Corrine'),(43,'m','1998-09-20',89,'1990-11-26 19:25:12','Port Jaren'),(45,'m','1974-04-16',65,'1984-10-23 00:08:23','West Gerardshire'),(47,'m','1971-09-08',100,'1992-02-08 01:04:03','New Randal'),(50,'m','1971-09-04',76,'2013-10-04 23:10:35','Emersonside'),(51,'m','1977-10-11',84,'1970-05-18 00:40:46','South Bettyfurt'),(53,'m','2010-12-02',99,'1989-08-15 02:19:41','Reynoldschester'),(55,'m','1973-10-28',67,'2004-07-12 01:47:20','Lesleyview'),(56,'m','2013-01-19',36,'2016-12-30 13:17:14','New Camillamouth'),(57,'f','1989-02-03',54,'2010-02-06 04:19:51','West Adrain'),(58,'m','1991-11-11',28,'1978-06-10 00:08:13','East Alizaport'),(59,'m','1976-05-26',14,'1986-06-19 16:09:24','East Nadiastad'),(60,'m','2009-08-06',44,'1982-04-01 23:07:54','New Jacquelyn'),(62,'f','2014-01-24',20,'1978-12-21 20:46:57','Moenfort'),(63,'m','1984-04-21',66,'2017-02-10 14:40:19','East Madilyn'),(64,'f','2021-11-08',99,'2005-09-20 05:50:19','South Americoport'),(66,'f','1994-12-25',70,'2019-07-30 08:55:33','Grantland'),(67,'f','1973-10-05',74,'2010-07-06 05:15:31','Sawaynport'),(69,'f','2019-02-09',43,'2010-02-12 08:59:03','Lucindaport'),(70,'m','2003-12-20',46,'1980-08-25 04:30:20','New Barrett'),(71,'m','2000-10-09',42,'1991-08-12 08:54:40','Shanahanmouth'),(72,'f','1994-10-20',51,'1982-05-04 07:40:13','Weissnatmouth'),(74,'f','1992-10-21',34,'2015-08-26 09:47:10','North Hilariomouth'),(75,'m','1985-10-14',60,'1995-09-14 07:18:59','Port Cristobalside'),(77,'f','2002-02-07',40,'1974-07-12 10:56:06','Andersonside'),(79,'f','1970-01-13',30,'1986-02-08 19:00:18','Lilamouth'),(82,'f','1986-09-12',82,'2004-06-14 13:45:12','Port Kaiafort'),(83,'f','1973-10-24',55,'2018-10-31 21:59:58','West Shanelle'),(84,'f','1987-01-11',33,'2020-02-20 18:15:59','Felicitatown'),(85,'m','1983-08-20',91,'1976-07-21 15:17:58','Vonfort'),(87,'f','1983-08-07',47,'2021-12-06 13:18:01','New Domenicastad'),(89,'m','2017-08-07',53,'1979-09-01 09:49:19','Larissastad'),(90,'m','1996-06-11',63,'2006-08-07 05:21:39','Gaylordbury'),(91,'f','1972-04-29',18,'2005-10-30 04:12:36','East Ethelhaven'),(92,'f','1999-11-20',7,'1997-10-16 05:44:12','Greenfeldertown'),(93,'f','1996-07-04',44,'2008-08-04 13:09:30','Marshallfurt'),(94,'m','1991-12-31',19,'1984-12-31 19:29:01','Port Kaileyfort'),(95,'f','1976-10-06',68,'2005-08-12 20:11:04','Johnshaven'),(97,'m','1973-07-15',95,'2021-01-02 04:59:35','Marjoriemouth'),(100,'m','1977-03-17',83,'1989-04-23 16:59:07','West Nellieport');
/*!40000 ALTER TABLE `profiles` ENABLE KEYS */;
UNLOCK TABLES;

--
-- Table structure for table `users`
--

DROP TABLE IF EXISTS `users`;
/*!40101 SET @saved_cs_client     = @@character_set_client */;
/*!40101 SET character_set_client = utf8 */;
CREATE TABLE `users` (
  `id` bigint(20) unsigned NOT NULL AUTO_INCREMENT,
  `firstname` varchar(50) COLLATE utf8mb4_unicode_ci DEFAULT NULL,
  `lastname` varchar(50) COLLATE utf8mb4_unicode_ci DEFAULT NULL COMMENT '',
  `email` varchar(120) COLLATE utf8mb4_unicode_ci DEFAULT NULL,
  `password_hash` varchar(100) COLLATE utf8mb4_unicode_ci DEFAULT NULL,
  `phone` bigint(20) unsigned DEFAULT NULL,
  PRIMARY KEY (`id`),
  UNIQUE KEY `email` (`email`),
  UNIQUE KEY `phone` (`phone`),
  KEY `users_firstname_lastname_idx` (`firstname`,`lastname`)
) ENGINE=InnoDB AUTO_INCREMENT=101 DEFAULT CHARSET=utf8mb4 COLLATE=utf8mb4_unicode_ci COMMENT='';
/*!40101 SET character_set_client = @saved_cs_client */;

--
-- Dumping data for table `users`
--

LOCK TABLES `users` WRITE;
/*!40000 ALTER TABLE `users` DISABLE KEYS */;
INSERT INTO `users` VALUES (1,'Emilia','Senger','gusikowski.yvette@example.com','dd87dc703856d68b21646f3f7866d759a0c91022',79353422487),(2,'Rickey','Kiehn','tmccullough@example.net','0e900718fb8b2b38cece795da4149d583ea517ad',79842577853),(3,'Johathan','Padberg','qsauer@example.org','425c5952f50b295c17e65cea3ab3a0ab8d43c7ce',79483030312),(4,'Jannie','Auer','sbecker@example.net','6c9f9710dc126cc15a02d11b9d086a86f3be53e2',79442020395),(5,'Arnold','Stehr','tlarkin@example.com','68871d6121c164c554f8e0c918651350618ec33a',79595923886),(6,'Addison','Mueller','md\'amore@example.org','c7957f7f936b77bf8f4f0a8c1239153cdbda3450',79700158651),(7,'Germaine','Haag','kulas.lorenz@example.net','402d180b9fc1a2a232a822a9175650970f7221e9',79321801273),(8,'Kyle','O\'Kon','tlangosh@example.net','9c057304b4d6d3d51d78fda114120df20600ce61',79782363556),(9,'Elvera','Schamberger','felicity.treutel@example.com','c64d3de39e22e1b57c24c48b6f9e399b001598eb',79118887368),(10,'Emilia','Heidenreich','cyrus17@example.org','3c5cd5c18b2adb8c66c9877bd74242a9b2e531d3',79805380058),(11,'Beryl','Berge','mcdermott.ara@example.org','1be23eb68a5f6f37b52906257cba2d49cfcc47be',79082469275),(12,'Brandt','Dibbert','winifred15@example.org','78376a69f39fe3932a75119a7fdc03e6db50b739',79783978282),(13,'Kimberly','Rodriguez','fruecker@example.com','a801086abcf2b9dfa697838589ce886e522b6155',79062770673),(14,'Rasheed','Koelpin','lilian.bayer@example.com','2bc85b706e0a39020878635e8bab83589d057491',79431297567),(15,'Adolph','O\'Kon','dondricka@example.com','cfbcac58df0d5f8236fccd6d10f1928d77c115cd',79751114207),(16,'Joanny','Schmeler','herman.eusebio@example.com','1f58b18246199bc452cb2b32b38156d42ad17f26',79819324444),(17,'Waylon','Larkin','derick08@example.org','c83eef67d57c4a96dc3ed155190904db421b0bdf',79421119987),(18,'Dovie','Schumm','mhamill@example.org','2d1518b4d25d6c56034c2386a7afc4aa05dad89a',79886429517),(19,'Earnest','Hirthe','allan.goyette@example.com','5d6f4dba614cad656bc81ef3e680af85dca9b2a0',79588196333),(20,'Jazmyn','Kautzer','lkutch@example.com','1eb3f8f0b1e22aed7fb8598b686d3f82374f2e3e',79153257791),(21,'Viviane','Keebler','walter.earlene@example.net','26bd531fdb8cabd6d623a0c2bc875296a77a0778',79815472031),(22,'Wilfred','Veum','ondricka.blake@example.org','7dc24014022d73d60503c9bc8346ca3731748687',79719888472),(23,'Billy','Hane','jondricka@example.net','23d7da461eb24d3824c6bfa1172d13c3dcbf15a7',79028332855),(24,'Demetrius','Leannon','altenwerth.libbie@example.net','51efca5e7eb87aa2c4a19bacdaa8308d06bdd336',79566262235),(25,'Fern','O\'Keefe','marilie76@example.org','1d606bfce10757f2be9e9e3276391dcfd4cd70af',79934810293),(26,'Jake','McDermott','bnikolaus@example.org','24d4c99df937591b5c60405ec61dd26137c3da36',79677986870),(27,'Emil','Hand','wo\'reilly@example.org','37834c54a166e2c116fdad4083ff8e2db8855480',79624396032),(28,'Berneice','Wilderman','smitham.roosevelt@example.org','d3756f000317ec7144ed12914579e7a4f720509b',79543302807),(29,'Skye','Schroeder','reynolds.sabina@example.org','1816873b365422d6e62e0fabc795ecf385372460',79507012687),(30,'Rubye','Hane','vokuneva@example.com','8a8b307af4799351a55b7a9e3359aaab975fb573',79748375796),(31,'Jordon','Greenfelder','sigrid.romaguera@example.net','01a581cdbf0d404c34e123f171e594bfa1843e52',79098708445),(32,'Herman','Jacobson','nwintheiser@example.org','f3adccab27218064c044b2cbbf6b49741d74efbd',79842290280),(33,'Leland','Huels','gusikowski.frederik@example.org','c88b5aa6fd0eef442874a9f9cf8470be6acda08e',79971091109),(34,'Cletus','Larson','claire.hodkiewicz@example.org','3ed8aa5b41c108a2c61827d07e1f9cd2e6fedd73',79832332532),(35,'Elenor','Conn','brent97@example.com','4f503bfdcfe922d944b99b641084241202de5305',79616004347),(36,'Trevor','Mosciski','margarette.fritsch@example.com','a2c34357092293c093cf89171558d1c11cd98424',79366707931),(37,'Tyrese','Pfannerstill','alek45@example.com','a5d1a439ead10f07e8b4d4418516278c0ae2570d',79522638630),(38,'Syble','Marquardt','mcdermott.leif@example.org','20c24e4da32f7e83db7324dd30adf7fcc609767a',79793058250),(39,'Alanis','Swaniawski','theresia36@example.org','a1a4ece2beb59be42abf420bcaea19afa4f275d7',79728000689),(40,'Lamont','Williamson','sgrimes@example.net','91946740486092869c2f6be10de6c5bfcabb4e2a',79729089791),(41,'Madie','Hilpert','enola15@example.com','802bd2edaaa33ef724f64aefe3bbc945e827a447',79319648729),(42,'Shawn','Weissnat','oschulist@example.org','7a455360add56a6f3f39ea2a13ed12034c2af917',79909314197),(43,'Jayden','Lindgren','raven99@example.com','0912e0936a0dcc2b55fae541fb969a9f874061bf',79103886753),(44,'Myrtie','Champlin','okuhn@example.com','91d248aabad55a76ad4af56c12a3c229b905e22c',79990319674),(45,'Lexie','Miller','ada47@example.net','6eaec2a9d67249890dd411bc500bccb79579507f',79372911987),(46,'Bobbie','Daniel','joaquin.keebler@example.org','0d59b5a18187903d89f993f6ccbf980b4334947d',79895202446),(47,'Cleora','Wuckert','hassan.yundt@example.com','877712c06f469e22d3ca83607a86dd58059eae05',79214589377),(48,'Garett','Kilback','nwilkinson@example.com','debc4b615dc6fd8fb73cf74cafa789013b3ad18d',79823757296),(49,'Reynold','Mills','noemi97@example.net','1f6b7065bc38a85ab1dda9bcfeab8c7db2f02a59',79743447367),(50,'Kyler','Murray','bashirian.casimir@example.com','8dc6fc1af10aff6bb28fa995baa636d1183c868d',79855959451),(51,'Micah','Marvin','slarkin@example.com','acfec7fc20696bb00a25e878c9aec42f1f17df5e',79393215208),(52,'Marcos','Rice','goodwin.rosalyn@example.org','35dde6ef60f99cba6eff3f4f813ff0974b10edb5',79381798881),(53,'Terrance','Monahan','prunolfsdottir@example.com','b5d1847fa45d3241617049a92ee4b06ff07f66b3',79018936742),(54,'Everett','Murray','carmine.rogahn@example.com','ad499ee41e01369be0277c896384d741a0af8190',79891580507),(55,'Astrid','Hayes','marco44@example.org','731bb12a5a34bdfbe0373b998505e2890a30a362',79524196116),(56,'Chad','Cruickshank','pfeffer.lambert@example.org','16f6ace7f65067e784dfbed175db307880b2d97a',79741853754),(57,'Anastacio','Beer','lmedhurst@example.net','67acf8f20779b210f617e56a294250b3bf56095a',79639752322),(58,'Kamryn','Kertzmann','jude12@example.org','2f678f3fe1912945cad3d81b30a42a6882fe7467',79746560247),(59,'Maeve','Welch','lkerluke@example.net','fcfaea71a7907745f718d8ab05547875561f4c92',79831174349),(60,'Osborne','Padberg','autumn.o\'kon@example.org','289d58bd36cbb5d872287e5519e6a0a56f6d2881',79735415791),(61,'Allan','Bayer','sally18@example.net','f4f04bfe87928b1012d255ca5b856d85984b0bdf',79381208547),(62,'Tanya','Hilll','kasey.fay@example.com','ab7c4b0031ceb2ce3c920d12456a03a06f4cadb3',79800456977),(63,'Casandra','McDermott','ora.ortiz@example.com','1ae4d66cf78280737409ef883fa3894620943945',79163488614),(64,'Lurline','Homenick','rbashirian@example.org','122ee5941070dba3890befb209dcc23b5104fdff',79367573860),(65,'Geovanny','Aufderhar','mo\'kon@example.org','c320d28746b79209d06bc522558a4fc4715fbc25',79645014650),(66,'Mae','Strosin','lehner.william@example.org','c0379c44dc7443e05a6ffd853fe8478e2de736ae',79823631729),(67,'Ted','Crist','turcotte.odessa@example.com','c56fd5005639f2fcab3f0a2bb302bd21d0d0f720',79377369236),(68,'Opal','Paucek','magali59@example.com','f999daf1046cd931f1199a0d202ea18e09d4d8b9',79902449408),(69,'Deja','Lueilwitz','baumbach.rasheed@example.com','9af47ba984ae584ead8d178faf0aa3cd7f4da47d',79777609052),(70,'Taylor','Runolfsdottir','preston00@example.com','fdef9806644fc31b521b9a6699d6ffe6e36dd071',79109335198),(71,'Florence','Turcotte','mabel.howell@example.org','74021f69950a0503997ee27b11f1bbf72561437d',79874679873),(72,'Marlene','Champlin','seth93@example.org','6c125cf5e30b12c4a083d0d116071be4de02e54c',79063155860),(73,'Rodger','D\'Amore','phoebe72@example.com','c8d084a8e875fa30cbf840efb82576e134bc042a',79745787886),(74,'Charley','Walsh','gward@example.net','f982e95442726f31d552022f2d577859cc6ae940',79465132292),(75,'Karen','Cassin','una.roob@example.net','e0c25c51deca1f91102467a16919bf8d0f4562b6',79512664484),(76,'Aniyah','Abernathy','misty09@example.org','a752c05f34637b1914d455056aa5c42cf6f625df',79247976929),(77,'Sonia','Bailey','toney.murphy@example.net','9b0e3084c412d367b1991a82171d423ad13fc869',79163083267),(78,'Harold','Huel','uherman@example.net','69bbf603d57d824ec811e9e2e58ac0c2811ffd2c',79271904524),(79,'Kristy','Moen','dare.isidro@example.com','107cbcc24ef80ed20aad90cf54283bb8e5af469d',79700889504),(80,'Vince','Eichmann','ymcdermott@example.org','c7719cc14f611af16bd5a56c4e54c7e1cc761a42',79957609186),(81,'Benedict','Maggio','aron12@example.org','17aeb842434c430447950041121b6afb6c84984e',79513190126),(82,'Jedidiah','Hilll','marcelino62@example.net','d92797a5e6a9fb452b42912802727d064a82c9f1',79554705089),(83,'Ronny','Fahey','xyost@example.org','c93c2daa786aaa2617b9d289ba3eb4919944cebc',79481581233),(84,'Rex','Okuneva','brakus.kory@example.net','e38f81cd1dd9ff626c8e894cb7a1db7a0a565d75',79013299697),(85,'Lexus','Goyette','jesse.morar@example.org','2df6139181ce5964d647005cae252d2414020050',79667639070),(86,'Chadd','Satterfield','rhaley@example.com','20497d49b2c8351e1c9ea69b5869eb4a00ca9c2a',79948662007),(87,'Amparo','D\'Amore','linda07@example.org','9badb8ee89c02fe6ac1c7fc11b9fdcf00efb92ec',79975142523),(88,'Jarod','Huels','arianna.vonrueden@example.net','49b8305f6739c929462a4e92d5dd7df5d15cb3c6',79476485745),(89,'Precious','Satterfield','hegmann.flavie@example.net','3834485b45bfb8b2d1e6f282fd1abcb6168fcac1',79223286085),(90,'Blair','Johnson','littel.robyn@example.net','6346458ef3202d53c8c176b42d7dcde9a6c9fa28',79930102695),(91,'Misty','Hintz','schmitt.zachary@example.com','22b49fe8771dfd32fd5fd61f8e71e7c91e10c263',79479275498),(92,'Rose','Jacobs','kristoffer25@example.net','ec7b8c52a8aef1032c6f5a777e6ccf5e6f1a8a62',79967579954),(93,'Robyn','Kiehn','rath.mafalda@example.com','624fd882026341203386c98a8529f8df9eceae9f',79525234218),(94,'Santos','Hayes','cronin.clay@example.com','aa071bf687b2c784a40469a8aaa2b6fbd3d5a71b',79428935107),(95,'Devin','Ernser','hansen.marilou@example.org','582f396fe60b331a390284eb85272a2aebef0dde',79907481177),(96,'Haven','Rohan','lupton@example.org','f814ab881f71d9b3f1e0dade67bbc2cdbb3348d8',79923655809),(97,'Zoe','Streich','geoffrey62@example.org','957c4dade958fa61ee41fc9e18e0ce2ac284d127',79990203198),(98,'Antoinette','Homenick','lila03@example.net','3e685daeb16eea0769c100fca40edb78842a4952',79867125983),(99,'Shanelle','Schiller','marc58@example.com','26732bc0bbe31c2929629733c45fa21984085312',79077034926),(100,'Johnson','Reichel','arlene56@example.net','7b43941e6e7e9b0d2b83c6fc7bffa961679358f2',79987529740);
/*!40000 ALTER TABLE `users` ENABLE KEYS */;
UNLOCK TABLES;

--
-- Table structure for table `users_communities`
--

DROP TABLE IF EXISTS `users_communities`;
/*!40101 SET @saved_cs_client     = @@character_set_client */;
/*!40101 SET character_set_client = utf8 */;
CREATE TABLE `users_communities` (
  `user_id` bigint(20) unsigned NOT NULL,
  `community_id` bigint(20) unsigned NOT NULL,
  PRIMARY KEY (`user_id`,`community_id`),
  KEY `community_id` (`community_id`),
  CONSTRAINT `users_communities_ibfk_1` FOREIGN KEY (`user_id`) REFERENCES `users` (`id`),
  CONSTRAINT `users_communities_ibfk_2` FOREIGN KEY (`community_id`) REFERENCES `communities` (`id`)
) ENGINE=InnoDB DEFAULT CHARSET=utf8mb4 COLLATE=utf8mb4_unicode_ci;
/*!40101 SET character_set_client = @saved_cs_client */;

--
-- Dumping data for table `users_communities`
--

LOCK TABLES `users_communities` WRITE;
/*!40000 ALTER TABLE `users_communities` DISABLE KEYS */;
INSERT INTO `users_communities` VALUES (1,91),(6,11),(6,66),(7,7),(7,12),(7,33),(8,74),(10,22),(10,50),(12,34),(12,37),(13,2),(14,63),(15,83),(15,100),(16,12),(17,5),(20,29),(21,17),(23,85),(25,25),(25,81),(26,67),(31,1),(31,54),(31,62),(32,52),(33,37),(33,51),(34,36),(34,45),(35,4),(36,33),(36,99),(37,8),(37,62),(38,32),(38,76),(39,34),(39,64),(39,76),(40,31),(40,82),(41,74),(42,12),(42,42),(43,49),(44,96),(45,99),(48,52),(49,35),(49,61),(49,66),(56,64),(57,58),(58,54),(58,58),(58,77),(60,3),(60,54),(61,11),(61,77),(63,65),(64,70),(65,96),(67,47),(68,54),(68,69),(69,81),(70,98),(71,72),(72,45),(75,4),(75,81),(77,33),(77,65),(78,37),(78,48),(79,17),(80,40),(80,86),(81,10),(81,43),(81,66),(82,43),(83,57),(83,91),(87,36),(87,60),(89,65),(91,69),(93,24),(94,63),(94,72),(95,55),(96,64),(99,26),(100,74);
/*!40000 ALTER TABLE `users_communities` ENABLE KEYS */;
UNLOCK TABLES;
/*!40103 SET TIME_ZONE=@OLD_TIME_ZONE */;

/*!40101 SET SQL_MODE=@OLD_SQL_MODE */;
/*!40014 SET FOREIGN_KEY_CHECKS=@OLD_FOREIGN_KEY_CHECKS */;
/*!40014 SET UNIQUE_CHECKS=@OLD_UNIQUE_CHECKS */;
/*!40101 SET CHARACTER_SET_CLIENT=@OLD_CHARACTER_SET_CLIENT */;
/*!40101 SET CHARACTER_SET_RESULTS=@OLD_CHARACTER_SET_RESULTS */;
/*!40101 SET COLLATION_CONNECTION=@OLD_COLLATION_CONNECTION */;
/*!40111 SET SQL_NOTES=@OLD_SQL_NOTES */;

-- Dump completed on 2022-09-19 17:26:24
